zdb_id	zdb_264_a	zdb_041_a	zdb_776_w
			
1459039-6	Berlin‚źüHeidelberg‚źüNew York	ger	(DE-600)95932-7‚źü(DE-101)01066999X
1459210-1	Berlin‚źüHeidelberg‚źüNew York	eng	(DE-600)1357321-4‚źü(DE-101)018561993
1462477-1	Amsterdam [u.a.]‚źüOrlando, Fla.	eng	(DE-600)7448-2‚źü(DE-101)010099654
1462883-1	Amsterdam [u.a.]‚źüLondon	eng	(DE-600)56461-8‚źü(DE-101)010497455
1465932-3	Berlin‚źüBerlin‚źüBerlin‚źüBerlin	ger	(DE-600)1091-1‚źü(DE-101)010012052
1467864-0	Frankfurt, Main‚źüBerlin‚źüNew York, NY	ger	(DE-600)2071720-9‚źü(DE-101)023207973
1469023-8	Berlin	eng	(DE-600)3382-0‚źü(DE-101)010050558
1469783-X	Amsterdam‚źüLondon [u.a.]‚źüLondon	eng	(DE-600)184567-6‚źü(DE-101)011003111
1473741-3	Baltimore, Md.	eng	(DE-600)430170-5‚źü(DE-101)012438154
1473755-3	New York, NY	eng	(DE-600)3156-2‚źü(DE-101)010046755
1474943-9	London‚źüLondon	eng	(DE-600)214775-0‚źü(DE-101)011255110
1475387-X	London	eng	(DE-600)134004-9‚źü(DE-101)010777482
1475451-4	Oxford‚źüOxford	eng	(DE-600)3376-5‚źü(DE-101)010050450
1475526-9	Dordrecht [u.a.]‚źüDordrecht [u.a.]	eng	(DE-600)1115400-7‚źü(DE-101)016449932
1475527-0	Dordrecht [u.a.]‚źüDordrecht [u.a.]	eng	(DE-600)120391-5‚źü(DE-101)010676546
1475530-0	Dordrecht [u.a.]‚źüDordrecht [u.a.]	eng	(DE-600)1013586-8‚źü(DE-101)015466051
1475531-2	Dordrecht [u.a.]‚źüDordrecht [u.a.]	eng	(DE-600)1070272-6‚źü(DE-101)016014804
1476602-4	Berlin [u.a.]	eng	(DE-600)1028706-1‚źü(DE-101)015612295
1478078-1	Abingdon [u.a.]‚źüLondon [u.a.]‚źüAmsterdam	eng	(DE-600)1109515-5‚źü(DE-101)016392884
1478082-3	Dordrecht [u.a.]‚źüDordrecht [u.a.]	eng	(DE-600)1193661-7‚źü(DE-101)017208483
1478488-9	Bradford	eng	(DE-600)1286858-9‚źü(DE-101)017959020
1478688-6	Dordrecht‚źüDordrecht‚źüBoston‚źüDordrecht	eng	(DE-600)868017-6‚źü(DE-101)014766825
1478974-7	Oxford	eng	(DE-600)3513-0‚źü(DE-101)01005278X
1478982-6	Dordrecht [u.a.]‚źüDordrecht [u.a.]	eng	(DE-600)4997-9‚źü(DE-101)010073736
1479775-6	Dordrecht [u.a.]‚źüDordrecht [u.a.]	eng	(DE-600)1327858-7‚źü(DE-101)018303056
1479864-5	Bradford‚źüBradford‚źü[London]	eng	(DE-600)3021-1‚źü(DE-101)010044310
1480525-X	New York, NY [u.a.]	eng	(DE-600)232940-2‚źü(DE-101)011395389
1480658-7	Oxford [u.a.]‚źüOxford [u.a.]	eng	(DE-600)632984-6‚źü(DE-101)013671774
1480671-X	Baltimore, Md.	eng	(DE-600)187906-6‚źü(DE-101)011032294
1480730-0	New York, NY [u.a.]	eng	(DE-600)131841-X‚źü(DE-101)010758437
1480900-X	New York, NY [u.a.]	eng	(DE-600)225640-X‚źü(DE-101)011339381
1480958-8	New York, NY [u.a.]	eng	(DE-600)135559-4‚źü(DE-101)010788905
1480982-5	New York, NY [u.a.]	eng	(DE-600)3381-9‚źü(DE-101)010050531
1481000-1	Baltimore, Md.	eng	(DE-600)752231-9‚źü(DE-101)014074699
1481042-6	Oxford [u.a.]‚źüOxford‚źüOxford	eng	(DE-600)267-7‚źü(DE-101)010002219
1481155-8	Baltimore, Md.	eng	(DE-600)1234863-6‚źü(DE-101)017606306‚źü(DE-600)206292-6‚źü(DE-101)011186321
1481175-3	Baltimore, Md.	eng	(DE-600)6980-2‚źü(DE-101)010094156
1481242-3	New York, NY [u.a.]	eng	(DE-600)120213-3‚źü(DE-101)01067487X
1481255-1	Oxford‚źüOxford	eng	(DE-600)1167977-3‚źü(DE-101)016959582
1481290-3	Oxford‚źüOxford [u.a.]‚źüOxford [u.a.]	eng	(DE-600)207519-2‚źü(DE-101)011196343
1481501-1	Dordrecht [u.a.]‚źüDordrecht [u.a.]	eng	(DE-600)1070283-0‚źü(DE-101)01601491X
1481509-6	Dordrecht [u.a.]‚źüDordrecht [u.a.]	eng	(DE-600)18188-2‚źü(DE-101)010232389
1481685-4	Philadelphia, Pa.‚źüBaltimore, Md.	eng	(DE-600)3051-X‚źü(DE-101)010044833
1481780-9	Leiden [u.a.]‚źüAmsterdam	ger	(DE-600)121258-8‚źü(DE-101)010683852
1481800-0	Abingdon [u.a.]‚źüNew York, NY [u.a.]	eng	(DE-600)1469244-2‚źü(DE-101)019624042
1482696-3	Oxford‚źüOxford	eng	(DE-600)506065-5‚źü(DE-101)012657077
1482705-0	Thousand Oaks, Calif.	eng	(DE-600)1039290-7‚źü(DE-101)015714594
1482715-3	London [u.a.]	eng	(DE-600)1439990-8‚źü(DE-101)019339143
1484288-9	London [u.a.]	eng	(DE-600)1031517-2‚źü(DE-101)015639312
1490798-7	Oxford‚źüOxford	eng	(DE-600)619283-X‚źü(DE-101)013588850
1491353-7	London‚źüManchester	eng	(DE-600)197963-2‚źü(DE-101)011119136
1494070-X	Thousand Oaks, Calif. [u.a.]	eng	(DE-600)123176-5‚źü(DE-101)01069143X
1495391-2	Oxford [u.a.]‚źüAthens, Ohio‚źüBaltimore, Md.‚źüOxford [u.a.]	eng	(DE-600)415916-0‚źü(DE-101)012312126
1495453-9	Oxford‚źüOxford	eng	(DE-600)1194552-7‚źü(DE-101)017217164
1495591-X	Oxford‚źü[Erscheinungsort nicht ermittelbar]‚źüLisse	eng	(DE-600)197282-0‚źü(DE-101)011113103
1496489-2	Dordrecht [u.a.]‚źüDordrecht [u.a.]	eng	(DE-600)283841-2‚źü(DE-101)011766735
1500238-X	Thousand Oaks, Calif. [u.a.]‚źüGetzville, NY	eng	(DE-600)186607-2‚źü(DE-101)011021020
1500250-0	Bradford‚źüBradford	eng	(DE-600)790046-6‚źü(DE-101)014358506
1500477-6	Amsterdam [u.a.]	eng	(DE-600)191982-9‚źü(DE-101)011066393
1500493-4	Amsterdam [u.a.]	eng	(DE-600)434405-4‚źü(DE-101)012471356
1500755-8	Amsterdam [u.a.]	eng	(DE-600)202358-1‚źü(DE-101)011152656
1500760-1	Amsterdam [u.a.]	eng	(DE-600)1293343-0‚źü(DE-101)018021433
1500765-0	Amsterdam [u.a.]	eng	(DE-600)1402673-9‚źü(DE-101)018975755
1500775-3	Amsterdam [u.a.]	eng	(DE-600)189289-7‚źü(DE-101)01104408X
1501504-X	London‚źüEast Grinstead	eng	(DE-600)1067668-5‚źü(DE-101)015989607
2001559-8	Bradford‚źüBradford	eng	
2001596-3	Thousand Oaks, Calif. [[u.a.]]‚źüTwickenham	eng	(DE-600)3312-1‚źü(DE-101)010049436
2001687-6	London [u.a.]	eng	(DE-600)1144402-2‚źü(DE-101)016731069
2002009-0	Oxford‚źüOxford [u.a.]‚źüOxford [u.a.]	eng	(DE-600)209192-6‚źü(DE-101)011210362
2002010-7	Oxford‚źüOxford [u.a.]‚źüOxford [u.a.]	eng	(DE-600)780702-8‚źü(DE-101)014285290
2002016-8	Oxford	eng	(DE-600)230743-1‚źü(DE-101)011377321
2003695-4	Getzville, NY‚źüDordrecht [u.a.]‚źüDordrecht [u.a.]	eng	(DE-600)1440052-2‚źü(DE-101)019339704
2004029-5	Oxford‚źüLisse‚źü[Erscheinungsort nicht ermittelbar]	eng	(DE-600)1234357-2‚źü(DE-101)017601436
2004359-4	Getzville, NY‚źüDordrecht [u.a.]‚źüDordrecht [u.a.]	eng	(DE-600)1376843-8‚źü(DE-101)018724655
2004402-1	Amsterdam [u.a.]	eng	(DE-600)1073658-X‚źü(DE-101)016047540
2004407-0	Abingdon [u.a.]‚źüAmsterdam [u.a.]	eng	(DE-600)194887-8‚źü(DE-101)011092300
2004536-0	Dordrecht [u.a.]‚źüDordrecht [u.a.]	eng	(DE-600)1338489-2‚źü(DE-101)018406130
2005049-5	Dordrecht‚źüThe Hague‚źüDordrecht‚źüDordrecht	eng	(DE-600)218276-2‚źü(DE-101)011283955
2005283-2	Cambridge‚źüOxford [u.a.]‚źüLondon	eng	(DE-600)282140-0‚źü(DE-101)011755873
2008884-X	Honolulu, Hawaii	eng	(DE-600)2092567-0‚źü(DE-101)024034932
2008947-8	Dordrecht [u.a.]‚źüDordrecht [u.a.]	eng	(DE-600)7320-9‚źü(DE-101)010098054
2008965-X	Bloomington, Ind.	eng	(DE-600)183942-1‚źü(DE-101)010997598
2008972-7	Dordrecht‚źüDordrecht	eng‚źüger	(DE-600)1154065-5‚źü(DE-101)016824679
2008978-8	Bloomington, Ind.	eng	(DE-600)416802-1‚źü(DE-101)012320080
2009014-6	New York, NY [u.a.]‚źüOslo	eng	(DE-600)202254-0‚źü(DE-101)011151684
2009188-6	Durham, NC	eng	(DE-600)796339-7‚źü(DE-101)014406667
2009194-1	Amsterdam	eng	(DE-600)283649-X‚źü(DE-101)011765534
2009195-3	Bingley‚źüBradford	eng	(DE-600)1495109-5‚źü(DE-101)019878184
2009877-7	[Erscheinungsort nicht ermittelbar]‚źüDordrecht [u.a.]‚źüGetzville, NY‚źüDordrecht [u.a.]	eng	(DE-600)6938-3‚źü(DE-101)01009363X
2009955-1	Getzville, NY‚źüDordrecht [u.a.]‚źüDordrecht [u.a.]	eng	(DE-600)721996-9‚źü(DE-101)013907751
2009959-9	Dordrecht [u.a.]‚źüDordrecht‚źüDordrecht [u.a.]	eng	(DE-600)131719-2‚źü(DE-101)01075749X
2010798-5	Baltimore, Md.	eng	(DE-600)206294-X‚źü(DE-101)011186348
2010801-1	Baltimore, Md.	eng	(DE-600)206295-1‚źü(DE-101)011186356
2010833-3	Berkeley, Calif.	eng	(DE-600)232921-9‚źü(DE-101)011395206
2010860-6	Dordrecht [u.a.]‚źüDordrecht [u.a.]	eng	(DE-600)1418481-3‚źü(DE-101)01913004X
2011533-7	Bingley‚źüBradford	eng	(DE-600)591927-7‚źü(DE-101)01337477X
2011732-2	Amsterdam [u.a.]	eng	(DE-600)1463469-7‚źü(DE-101)019567839
2012638-4	Dordrecht [u.a.]‚źüDordrecht‚źüDordrecht	eng	(DE-600)204075-X‚źü(DE-101)011167068
2012661-X	Dordrecht [u.a.]‚źüDordrecht [u.a.]	eng	(DE-600)283937-4‚źü(DE-101)011767219
2012881-2	Honolulu, Hawaii	eng	(DE-600)412075-9‚źü(DE-101)012276766
2013193-8	Amsterdam [u.a.]	eng	(DE-600)432134-0‚źü(DE-101)012453293
2013329-7	Cambridge‚źüOxford [u.a.]‚źüFrankfurt, M.‚źüEdwardsville, Ill.‚źüBloomington, Ind.‚źüHoboken, NJ	eng	(DE-600)232455-6‚źü(DE-101)011391006
2013550-6	Honolulu, Hawaii	eng	(DE-600)432902-8‚źü(DE-101)012457655
2013580-4	Pullman, Wash.	eng	(DE-600)622529-9‚źü(DE-101)013604449
2013988-3	Amsterdam [u.a.]‚źüGreenwich, Conn. [u.a.]	eng	(DE-600)192348-1‚źü(DE-101)01106952X
2014237-7	Bradford	eng	
2014299-7	Bradford‚źüBradford	eng	
2014315-1	Bingley‚źüBradford	eng	(DE-600)53545-X‚źü(DE-101)010469842
2014331-X	Bingley‚źüBradford	eng	(DE-600)272111-9‚źü(DE-101)01169582X
2014359-X	Bingley‚źüBradford	eng	(DE-600)180388-8‚źü(DE-101)010994203
2014365-5	Bradford‚źüBradford	eng	(DE-600)125349-9‚źü(DE-101)010708049
2014372-2	Bradford‚źü[Erscheinungsort nicht ermittelbar]‚źüBradford	eng	(DE-600)1092189-8‚źü(DE-101)016227042
2014462-3	Bradford‚źüBradford	eng	(DE-600)2011151-4‚źü(DE-101)020341377
2014776-4	Budapest‚źüDordrecht [u.a.]‚źüDordrecht [u.a.]	eng	(DE-600)1168215-2‚źü(DE-101)016961919
2014924-4	[Erscheinungsort nicht ermittelbar]‚źüDordrecht [u.a.]‚źüDordrecht [u.a.]	eng	(DE-600)1492892-9‚źü(DE-101)019856539
2015023-4	Dordrecht [u.a.]‚źüDordrecht [u.a.]	eng	(DE-600)145112-1‚źü(DE-101)010856641
2015093-3	Dordrecht [u.a.]‚źüDordrecht [u.a.]	eng	(DE-600)1427849-2‚źü(DE-101)01922138X
2015303-X	Dordrecht [u.a.]‚źüLeipzig‚źüDordrecht‚źüDordrecht [u.a.]	ger	(DE-600)203461-X‚źü(DE-101)01116199X
2015306-5	Dordrecht [u.a.]‚źüDordrecht [u.a.]	eng	(DE-600)1395203-1‚źü(DE-101)018902960
2015307-7	Dordrecht [u.a.]‚źüDordrecht [u.a.]	eng	(DE-600)1454583-4‚źü(DE-101)019480989
2015559-1	Getzville, NY‚źü[Erscheinungsort nicht ermittelbar]‚źüDordrecht [u.a.]‚źüDordrecht [u.a.]	eng	(DE-600)1042368-0‚źü(DE-101)015744469‚źü(DE-600)1292340-0‚źü(DE-101)018011810
2015560-8	London	eng	(DE-600)2977-4‚źü(DE-101)010043519
2015597-9	Dordrecht [u.a.]‚źüDordrecht [u.a.]	eng	(DE-600)972759-0‚źü(DE-101)015137759
2015600-5	Dordrecht [u.a.]‚źüDordrecht [u.a.]	eng	(DE-600)283624-5‚źü(DE-101)011765399
2015608-X	Leiden [u.a.]‚źüThe Hague‚źüDordrecht‚źüDordrecht‚źüDordrecht	eng	(DE-600)218235-X‚źü(DE-101)011283629
2016265-0	Oxford‚źüOxford [u.a.]‚źüMalden, Mass.	eng	(DE-600)8012-3‚źü(DE-101)010104763
2016414-2	Oxford [u.a.]‚źüOxford [u.a.]	eng	(DE-600)206293-8‚źü(DE-101)01118633X
2016653-9	Dordrecht [u.a.]‚źüDordrecht [u.a.]	eng	(DE-600)1048887-X‚źü(DE-101)015807924
2016721-0	Oxford [u.a.]‚źüOxford [u.a.]	eng	(DE-600)301401-0‚źü(DE-101)011824158
2016866-4	Dordrecht [u.a.]‚źüDordrecht [u.a.]	eng	(DE-600)1104700-8‚źü(DE-101)016347447
2016946-2	Dordrecht [u.a.]‚źüDordrecht‚źüBoston‚źüDordrecht‚źüBoston	eng	(DE-600)186431-2‚źü(DE-101)011019433
2017227-8	New York, NY [u.a.]‚źü[Erscheinungsort nicht ermittelbar]‚źüLondon [u.a.]	eng	(DE-600)124517-X‚źü(DE-101)010701141
2017389-1	London‚źüLondon	eng	(DE-600)1414238-7‚źü(DE-101)019088620
2017587-5	Dordrecht [u.a.]‚źüDordrecht [u.a.]	eng	(DE-600)602373-3‚źü(DE-101)013461826
2018034-2	Fiesole	eng	(DE-600)1416362-7‚źü(DE-101)019109407
2018070-6	Dordrecht‚źüOxford [u.a.]‚źüDordrecht [u.a.]‚źüDordrecht [u.a.]	eng	(DE-600)1032109-3‚źü(DE-101)015645045
2018485-2	Dordrecht [u.a.]‚źüDordrecht [u.a.]	eng	(DE-600)1132880-0‚źü(DE-101)016619560
2018493-1	Dordrecht [u.a.]‚źüDordrecht [u.a.]	eng	(DE-600)125076-0‚źü(DE-101)010705724
2018679-4	Dordrecht [u.a.]‚źüDordrecht [u.a.]‚źüAmsterdam [u.a.]	eng	(DE-600)435652-4‚źü(DE-101)012482153
2018851-1	Dordrecht [u.a.]‚źüDordrecht [u.a.]	eng	(DE-600)1453764-3‚źü(DE-101)019473001
2018866-3	Dordrecht [u.a.]‚źüDordrecht [u.a.]	eng	(DE-600)1339575-0‚źü(DE-101)018416594
2019323-3	Kidlington	eng	(DE-600)232848-3‚źü(DE-101)011394544
2019441-9	Amsterdam [u.a.]	eng	(DE-600)1135834-8‚źü(DE-101)016648021
2019538-2	Dordrecht [u.a.]‚źüDordrecht [u.a.]	eng	(DE-600)207120-4‚źü(DE-101)011193069
2020627-6	London [u.a.]	eng	(DE-600)1437541-2‚źü(DE-101)019315511
2021148-X	Honolulu, Hawaii	eng	(DE-600)449298-5‚źü(DE-101)012596302
2021161-2	Bloomington, IN	eng	(DE-600)312984-6‚źü(DE-101)011923326
2022007-8	Amsterdam [u.a.]	eng	(DE-600)753375-5‚źü(DE-101)014084317
2023709-1	London [u.a.]‚źüLondon	eng	(DE-600)999075-6‚źü(DE-101)015327159
2023712-1	London‚źüLondon	eng	(DE-600)629792-4‚źü(DE-101)013647415
2025059-9	London [u.a.]‚źüEast Grinstead	eng	(DE-600)89692-5‚źü(DE-101)010612890
2025062-9	London [u.a.]‚źüEast Grinstead	eng	(DE-600)439125-1‚źü(DE-101)012509914
2025143-9	New York, NY‚źüPiscataway, NJ	eng	(DE-600)1082185-5‚źü(DE-101)016130367
2026229-2	Oxford‚źüCopenhagen‚źüOxford	eng	(DE-600)123397-X‚źü(DE-101)010693009
2027357-5	Berlin‚źüMuŐąnchen	ger	(DE-600)243153-1‚źü(DE-101)011470631‚źü(DE-600)2242449-0‚źü(DE-101)980455944
2028064-6	Bingley‚źüLondon	eng	(DE-600)2233902-4‚źü(DE-101)979603137
2028353-2	Bingley‚źüBradford	eng	(DE-600)2004716-2‚źü(DE-101)02013374X
2028358-1	London [u.a.]	eng	(DE-600)1137192-4‚źü(DE-101)016661192
2028935-2	Amsterdam [u.a.]	eng	(DE-600)58686-9‚źü(DE-101)010518150
2028937-6	Oxford [u.a.]‚źüOxford [u.a.]	eng	(DE-600)423529-0‚źü(DE-101)012376760
2029695-2	Thousand Oaks, Calif. [u.a.]‚źüTwickenham	eng	(DE-600)1447931-X‚źü(DE-101)019416164
2030270-8	Washington, DC	eng	(DE-600)5221-8‚źü(DE-101)010075615
2030529-1	Birmingham [u.a.]	eng	(DE-600)339409-8‚źü(DE-101)011961058
2031449-8	London [u.a.]	eng	(DE-600)11576-9‚źü(DE-101)010169024
2033172-1	Berlin [u.a.]	eng	(DE-600)187076-2‚źü(DE-101)011025166
2033176-9	Berlin [u.a.]	eng‚źüger‚źüfre	(DE-600)4491-X‚źü(DE-101)010067299
2033179-4	Berlin [u.a.]	eng	(DE-600)139623-7‚źü(DE-101)010818537
2036943-8	Leiden [u.a.]	eng	(DE-600)208838-1‚źü(DE-101)011207558
2036954-2	Leiden [u.a.]	eng	(DE-600)201166-9‚źü(DE-101)01114307X
2037921-3	London	eng	(DE-600)2017549-8‚źü(DE-101)020540183
2038904-8	Washington, DC	eng	(DE-600)187153-5‚źü(DE-101)011025867
2039113-4	Berlin‚źüHeidelberg	eng	(DE-600)2082011-2‚źü(DE-101)023613319
2040354-9	Wiesbaden‚źüWiesbaden‚źüWiesbaden	ger	(DE-600)1433896-8‚źü(DE-101)019279949
2040372-0	Cambridge‚źüSault Ste. Marie, Mich.‚źüLubbock, TX	eng	(DE-600)1016968-4‚źü(DE-101)015498743
2042355-X	Austin, Tex.	eng	(DE-600)227633-1‚źü(DE-101)011356677
2042669-0	Frankfurt, M.	ger	(DE-600)201077-X‚źü(DE-101)011142367
2044265-8	Berlin [u.a.]	ger‚źüeng	(DE-600)206925-8‚źü(DE-101)011191503
2044425-4	Oxford	eng	(DE-600)2108-8‚źü(DE-101)010028978
2044485-0	Oxford‚źüWaterloo, Ont.	eng	(DE-600)281486-9‚źü(DE-101)011751150
2045066-7	Berlin [u.a.]	eng	(DE-600)184282-1‚źü(DE-101)01100052X
2045557-4	Berlin [u.a.]‚źü[Erscheinungsort nicht ermittelbar]	ger	(DE-600)7502-4‚źü(DE-101)010100377
2045579-3	Berlin [u.a.]	ger‚źüeng	(DE-600)455-8‚źü(DE-101)010003754
2046502-6	Oxford	eng	(DE-600)1930-6‚źü(DE-101)010025839
2046590-7	London	eng	(DE-600)184111-7‚źü(DE-101)010999086
2046796-5	Chicago, Ill.	eng	(DE-600)208812-5‚źü(DE-101)011207345
2047573-1	[Baltimore, Md.]‚źüBerkeley, Calif.	eng	(DE-600)790453-8‚źü(DE-101)014361256
2049354-X	Berlin	ger‚źüeng	(DE-600)3211-6‚źü(DE-101)010047697
2049436-1	Cambridge‚źüBaltimore, Md.	eng	(DE-600)3311-X‚źü(DE-101)01004941X‚źü(DE-600)1471969-1‚źü(DE-101)019650744
2049671-0	Berlin [u.a.]	ger	(DE-600)183999-8‚źü(DE-101)010998128
2049683-7	Berlin [u.a.]	eng	(DE-600)625764-1‚źü(DE-101)013619306
2049688-6	Berlin [u.a.]	ger	(DE-600)1977-X‚źü(DE-101)010026576
2049949-8	Oxford	eng	(DE-600)1415-1‚źü(DE-101)010017267
2051594-7	Austin, Tex.	eng	(DE-600)204297-6‚źü(DE-101)011169117
2052194-7	Berlin [u.a.]	eng	(DE-600)1387814-1‚źü(DE-101)018831044
2052467-5	New York, NY‚źüTucson, Ariz.‚źüMahwah, NJ	eng	(DE-600)1409253-0‚źü(DE-101)019039964
2052513-8	The Hague‚źüThousand Oaks, Calif.	eng	(DE-600)187744-6‚źü(DE-101)011030941‚źü(DE-600)718701-4‚źü(DE-101)013885286
2052608-8	Oxford‚źüOxford	eng	(DE-600)1150931-4‚źü(DE-101)016794389
2054421-2	Odense M, Denmark‚źüDordrecht‚źüDordrecht	eng	
2056477-6	Berlin	eng	(DE-600)340373-7‚źü(DE-101)011968125
2057792-8	Leiden	eng	(DE-600)197386-1‚źü(DE-101)011114029
2058977-3	Detroit, Mich.	eng	(DE-600)758149-X‚źü(DE-101)014118092
2064544-2	Leipzig‚źüLeipzig	ger	(DE-600)200915-8‚źü(DE-101)011141077
2065889-8	Champaign, Il.‚źüVerona, Pa,‚źüPittsburgh, Pa.‚źüOxford‚źüBowling Green, Ohio	eng	(DE-600)4145-2‚źü(DE-101)010061665
2066013-3	Chicago, Ill.‚źüNew York, NY	eng	(DE-600)123659-3‚źü(DE-101)010694994
2066164-2	Durham, NC‚źüEugene, OR	eng	(DE-600)216002-X‚źü(DE-101)011265337
2066188-5	Madison, Wis.	eng	(DE-600)202861-X‚źü(DE-101)011157143
2066310-9	Abingdon [u.a.]‚źüWashington, DC [u.a.]	eng	(DE-600)127653-0‚źü(DE-101)01072382X
2066373-0	Oxford [u.a.]‚źüPhiladelphia, Pa. [u.a.]‚źüOxford [u.a.]	eng	(DE-600)207506-4‚źü(DE-101)01119622X
2066374-2	Philadelphia, PA‚źüNew York, NY [u.a.]‚źüWashington, DC	eng	(DE-600)280867-5‚źü(DE-101)011746033
2066430-8	Philadelphia, PA‚źüSan Marino, Calif.‚źüBerkeley, Calif.	eng	(DE-600)214427-X‚źü(DE-101)011252162
2066649-4	Oxford	eng	(DE-600)219287-1‚źü(DE-101)011291729
2066660-3	Baltimore, Md.	eng	(DE-600)219913-0‚źü(DE-101)01129650X
2066688-3	[Chicago]	eng	(DE-600)3369-8‚źü(DE-101)010050310
2066691-3	Berlin‚źüCopenhagen‚źüMuŐąnchen	eng	(DE-600)3374-1‚źü(DE-101)010050418
2066696-2	Madison, N.J.	eng	(DE-600)280868-7‚źü(DE-101)011746041
2066737-1	Oxford	eng	(DE-600)211-2‚źü(DE-101)010001751
2066768-1	Madison, Wis.	eng‚źüger	(DE-600)1442031-4‚źü(DE-101)019358830
2066769-3	Oxford‚źüChicago, Ill. [u.a.]‚źüLa Salle, Ill.‚źüPeru, Ill. [u.a.]	eng	(DE-600)427392-8‚źü(DE-101)012412147
2066774-7	Winnipeg	eng	(DE-600)3669-9‚źü(DE-101)010054960
2066841-7	Durham, NC‚źüProvidence, RI	eng	(DE-600)207249-X‚źü(DE-101)011194170
2066864-8	Cambridge‚źüNew York, NY	eng	(DE-600)209526-9‚źü(DE-101)011213264
2066886-7	Iowa City, Iowa	eng	(DE-600)207514-3‚źü(DE-101)011196297
2066890-9	Honolulu	eng	(DE-600)3890-8‚źü(DE-101)010058141
2066892-2	[Erscheinungsort nicht ermittelbar]‚źüCarthagena, Ohio‚źüChicago, Ill.	eng	(DE-600)418566-3‚źü(DE-101)012336769
2066963-X	Milwaukee [u.a.]‚źüMilwaukee, Wis.	eng	(DE-600)203785-3‚źü(DE-101)011164557
2066965-3	Berlin‚źüCopenhagen‚źüMuŐąnchen	eng‚źüfre‚źüger	(DE-600)128871-4‚źü(DE-101)010734120
2066970-7	Washington, DC	eng	(DE-600)209889-1‚źü(DE-101)011216417
2066989-6	[Madison, WI]‚źüMenasha, Wis.‚źüLawrence, Kan. [u.a.]‚źüProvo, Utah‚źüChampaign, IL	eng	(DE-600)202392-1‚źü(DE-101)01115294X
2067007-2	Baltimore, Md.‚źüSewanee, Tenn.	eng	(DE-600)206948-9‚źü(DE-101)011191708
2067027-8	Charlottesville, Virginia‚źüTallahassee, Fla.	eng	(DE-600)416817-3‚źü(DE-101)012320226
2067064-3	Chapel Hill, NC [u.a.]	eng	(DE-600)202381-7‚źü(DE-101)011152850‚źü(DE-600)2163430-0‚źü(DE-101)026540509
2067065-5	Baltimore, Maryland‚źüBoston, Mass.	eng	(DE-600)202391-X‚źü(DE-101)011152931
2067066-7	Newberry, SC	eng	(DE-600)202347-7‚źü(DE-101)011152540
2067077-1	London [u.a.]‚źüWashington, DC [u.a.]	eng	(DE-600)202515-2‚źü(DE-101)011154055
2067117-9	Durham, NC‚źüHempstead, NY [u.a.]	eng	(DE-600)208518-5‚źü(DE-101)011204680
2067248-2	Cambridge, Mass.	eng	(DE-600)193205-6‚źü(DE-101)011077115
2067309-7	Leiden	eng	(DE-600)300402-8‚źü(DE-101)011815310
2067357-7	Oakland, CA‚źüGreencastle, IN	eng	(DE-600)187572-3‚źü(DE-101)011029390
2067371-1	Baltimore, MD‚źüWest Chester, Pa.	eng	(DE-600)429657-6‚źü(DE-101)012433306
2067382-6	Durham, NC‚źüMilwaukee, WI‚źüNew York, NY	eng	(DE-600)7524-3‚źü(DE-101)010100717
2067392-9	Tempe, AZ‚źü[Erscheinungsort nicht ermittelbar]	eng‚źüspa	(DE-600)187196-1‚źü(DE-101)011026219
2067622-0	Baltimore, MD‚źüBaton Rouge‚źüLexington, KY	eng	(DE-600)434830-8‚źü(DE-101)012475033
2067813-7	Norman, Okla.‚źü[Erscheinungsort nicht ermittelbar]	eng	(DE-600)131663-1‚źü(DE-101)010757023
2068367-4	Urbana, Ill. [u.a.]‚źüEvanston, Ill.	eng	(DE-600)3246-3‚źü(DE-101)010048251
2068416-2	Leiden	eng	(DE-600)211256-5‚źü(DE-101)011226684
2068450-2	New York, NY‚źüBuffalo, NY	eng	(DE-600)895590-6‚źü(DE-101)014927985
2068468-X	Tulsa, Okla.	eng	(DE-600)1161960-0‚źü(DE-101)016901258
2070543-8	Warszawa‚źüWarszawa	eng	(DE-600)1234097-2‚źü(DE-101)017598923
2072102-X	Oxford	eng	(DE-600)9261-7‚źü(DE-101)010127232
2072108-0	London	eng	(DE-600)340739-1‚źü(DE-101)011970405
2073336-7	Oxford	eng	(DE-600)623117-2‚źü(DE-101)013608908
2075186-2	Stuttgart‚źüWeimar‚źüHalle‚źüStuttgart	ger	(DE-600)2226906-X‚źü(DE-101)978947045‚źü(DE-600)200376-4‚źü(DE-101)011136693
2075188-6	Halle, S.	ger	(DE-600)729-8‚źü(DE-101)010006516‚źü(DE-600)2616821-2‚źü(DE-101)1013263103
2075191-6	TuŐąbingen	ger	(DE-600)2418115-8‚źü(DE-101)988085461‚źü(DE-600)730-4‚źü(DE-101)010006532
2075197-7	Berlin	ger	(DE-600)506-X‚źü(DE-101)010004181
2075201-5	MuŐąnchen‚źüAmsterdam	ger	(DE-600)2821670-2‚źü(DE-101)1071222856‚źü(DE-600)123553-9‚źü(DE-101)010694218
2075233-7	Stuttgart‚źüBerlin‚źüFrankfurt, M.‚źüWiesbaden	ger	(DE-600)5779-4‚źü(DE-101)010080279
2075353-6	Mainz	ger	(DE-600)2327-9‚źü(DE-101)010032657
2075356-1	Wiesbaden‚źüGoŐąttingen	ger	(DE-600)2400980-5‚źü(DE-101)986797774‚źü(DE-600)1089-3‚źü(DE-101)01001201X
2075561-2	Oxford [u.a.]	eng	(DE-600)1217627-8‚źü(DE-101)017441072
2080199-3	Lima‚źüBoston‚źüLima	spa‚źüpor	(DE-600)199561-3‚źü(DE-101)011132639
2080343-6	Vienna‚źüVienna	ger‚źüeng‚źüfre	(DE-600)2827596-2‚źü(DE-101)107369948X
2081774-5	Thousand Oaks, Calif.‚źüAustin, Tex.	eng	(DE-600)2002251-7‚źü(DE-101)020066880
2083153-5	University Park, Pa.‚źüDudley	eng	(DE-600)1221744-X‚źü(DE-101)017480906
2084315-X	Thousand Oaks, Calif. [u.a.]	eng	(DE-600)2090831-3‚źü(DE-101)023974664
2085921-1	Leiden [u.a.]‚źüMarburg‚źüErlangen	ger‚źüeng	(DE-600)200159-7‚źü(DE-101)011134852
2094651-X	Tartu	eng‚źürus	(DE-600)2003810-0‚źü(DE-101)020109008
2096552-7	London	eng	(DE-600)1002031-7‚źü(DE-101)015354873
2096567-9	Baltimore, Md.	eng	(DE-600)209527-0‚źü(DE-101)011213272
2096748-2	London	eng	(DE-600)2490402-8‚źü(DE-101)993706738
2096757-3	Leiden‚źüCairo	ara‚źüeng	(DE-600)1359348-1‚źü(DE-101)01858182X
2096768-8	Bloomington, Ind.‚źüMadison, Wis.	eng	(DE-600)800951-X‚źü(DE-101)014441861
2097587-9	Milano	ita	(DE-600)210-0‚źü(DE-101)010001743
2097630-6	Tucson, Ariz.	eng	(DE-600)1159364-7‚źü(DE-101)016876016
2097632-X	Tucson, Ariz.	eng	(DE-600)1159360-X‚źü(DE-101)016875974
2098369-4	New York, NY	eng	(DE-600)209526-9‚źü(DE-101)011213264
2098374-8	New York, NY	eng	(DE-600)209526-9‚źü(DE-101)011213264
2103261-0	London	eng	(DE-600)126314-6‚źü(DE-101)010716408
2109275-8	Palavakkam	eng	(DE-600)2138928-7‚źü(DE-101)025740253
2110493-1	Pisa‚źüRoma‚źüPisa [u.a.]	ita	(DE-600)1337101-0‚źü(DE-101)018392628
2110497-9	Pisa‚źüRoma‚źüPisa	ita	(DE-600)2096921-1‚źü(DE-101)024153923
2110515-7	Pisa [u.a.]‚źüPisa	ita	(DE-600)191955-6‚źü(DE-101)011066164
2110758-0	Pisa‚źüRoma‚źüPisa‚źüRoma	ita	(DE-600)2117685-1‚źü(DE-101)025028049
2111309-9	Budapest	eng‚źüfre‚źüger	(DE-600)252346-2‚źü(DE-101)011516747
2111743-3	Budapest	eng‚źüfre‚źüger	(DE-600)94-2‚źü(DE-101)010000747
2114762-0	Pisa‚źüRoma‚źüPisa‚źüRoma	ita	(DE-600)2085992-2‚źü(DE-101)023768878
2116969-X	Berlin [u.a.]	ger	(DE-600)2096520-5‚źü(DE-101)024139246
2117815-X	Frankfurt, M.	ger	(DE-600)201077-X‚źü(DE-101)011142367
2118100-7	Bloomington, Ind.‚źüBuffalo, NY‚źüAmherst, Mass.	eng	(DE-600)200793-9‚źü(DE-101)011140038
2118444-6	Berlin [u.a.]	eng‚źüger	(DE-600)1324856-X‚źü(DE-101)018273955
2120855-4	Oxford [u.a.]‚źüMemphis, Tenn.	eng	(DE-600)219273-1‚źü(DE-101)011291605
2124155-7	London [u.a.]	eng	(DE-600)9246-0‚źü(DE-101)010126953
2128292-4	Pisa‚źüRoma‚źüPisa	ita	(DE-600)6249-2‚źü(DE-101)010084088
2130137-2	Pisa‚źüRoma‚źüPisa‚źüPisa	ita	(DE-600)1031167-1‚źü(DE-101)015636143
2130291-1	Pisa‚źüRoma‚źüPisa‚źüRoma	ita	(DE-600)1138851-1‚źü(DE-101)01667720X
2131807-4	Pisa [u.a.]‚źüRoma‚źüPisa	ita‚źüeng	(DE-600)205581-8‚źü(DE-101)011180625
2131810-4	Roma	ita	(DE-600)2473640-5‚źü(DE-101)992056470
2131847-5	Venezia	ita	(DE-600)2385365-7‚źü(DE-101)985529504
2132118-8	Firenze	ita	(DE-600)2065356-6‚źü(DE-101)023071273
2134311-1	Leiden‚źüAmsterdam	ger	(DE-600)127603-7‚źü(DE-101)010723439
2136496-5	Toronto	eng	(DE-600)206922-2‚źü(DE-101)011191481
2138360-1	Berlin [u.a.]	eng	(DE-600)125125-9‚źü(DE-101)010706135
2144850-4	Bingley, United Kingdom	eng	(DE-600)2143283-1‚źü(DE-101)025894781
2144933-8	London	eng	(DE-600)232910-4‚źü(DE-101)011395117
2146413-3	Ypsilanti, Mich.	eng	(DE-600)1477728-9‚źü(DE-101)019707355
2148153-2	Oxford‚źüHoboken, NJ [u.a.]	eng	(DE-600)2129113-5‚źü(DE-101)025391267
2148580-X	Pisa [u.a.]	ita	(DE-600)2129817-8‚źü(DE-101)025424920
2148613-X	Pisa‚źüRoma‚źüPisa [u.a.]	ita	(DE-600)2120922-4‚źü(DE-101)02512207X
2155781-0	Pisa	ita	(DE-600)997470-2‚źü(DE-101)015313859
2158029-7	Madison, Wis.	eng	(DE-600)202860-8‚źü(DE-101)011157135
2158551-9	Berlin [u.a.]	ger	(DE-600)120646-1‚źü(DE-101)010678735‚źü(DE-600)2117802-1‚źü(DE-101)025031481
2159617-7	Berlin	eng	(DE-600)2157341-4‚źü(DE-101)02633559X
2164821-9	London	eng	(DE-600)799075-3‚źü(DE-101)014427168
2168415-7	Pamplona	spa	(DE-600)730199-6‚źü(DE-101)013934430
2169714-0	Thousand Oaks, Calif.‚źüSingapore‚źüSingapore	eng	(DE-600)619304-3‚źü(DE-101)013589016‚źü(DE-600)20085-2‚źü(DE-101)010248137
2170380-2	Pisa [u.a.]	ita	(DE-600)1338925-7‚źü(DE-101)018410324
2172438-6	Vilnius‚źüFrankfurt, Main	lit‚źüger	(DE-600)2024228-1‚źü(DE-101)020795734
2172479-9	Vilnius	lit	(DE-600)2001004-7‚źü(DE-101)020031750
2172505-6	Belgrade‚źüFrankfurt, Main	eng	
2172657-7	Budapest‚źüFrankfurt, Main	ger	(DE-600)2081651-0‚źü(DE-101)023587504‚źü(DE-600)2117110-5‚źü(DE-101)025008560
2172674-7	Tallinn‚źüTallinn	est	(DE-600)1479629-6‚źü(DE-101)01972599X
2172677-2	Budapest	hun	(DE-600)2263642-0‚źü(DE-101)982422369
2172748-X	VeszpreŐĀm‚źüFrankfurt, Main	eng	
2172773-9	Zagreb‚źüFrankfurt, Main	hrv	(DE-600)631488-0‚źü(DE-101)013662465
2172789-2	Budapest‚źüFrankfurt, Main	eng	(DE-600)1107901-0‚źü(DE-101)016377222
2172840-9	PeŐĀcs‚źüFrankfurt, Main	hun	(DE-600)1032244-9‚źü(DE-101)015646378
2172851-3	Bratislava‚źüFrankfurt, Main	hun	(DE-600)1166913-5‚źü(DE-101)016949323
2172897-5	Tucson, Ariz.	eng	(DE-600)2191984-7‚źü(DE-101)975292900
2172916-5	Budapest‚źüFrankfurt, Main	hun	(DE-600)412437-6‚źü(DE-101)012280119
2172932-3	Bratislava‚źüFrankfurt, Main	slo	(DE-600)2027753-2‚źü(DE-101)020912757
2172958-X	BucuresŐßti‚źüFrankfurt, Main	rum	(DE-600)2213335-5‚źü(DE-101)977697428
2172962-1	Tallinn‚źüFrankfurt, Main	ger‚źürus‚źüeng	(DE-600)1024225-9‚źü(DE-101)015568873
2172966-9	Budapest‚źüFrankfurt, Main	hun	
2172986-4	Zagreb‚źüFrankfurt, Main	hrv‚źüfre‚źüeng‚źüita	
2173006-4	Frankfurt, Main‚źüFrankfurt, Main	ger	(DE-600)215987-9‚źü(DE-101)011265213
2173024-6	Sofija‚źüFrankfurt, Main	bul	(DE-600)1130956-8‚źü(DE-101)016600827
2173401-X	Philadelphia, Pa.	eng	(DE-600)209186-0‚źü(DE-101)011210303
2173649-2	Vilnius	lit‚źüeng‚źürus	(DE-600)1437617-9‚źü(DE-101)019316259‚źü(DE-600)1437620-9‚źü(DE-101)019316283
2173662-5	TiraneÕŹŐą	alb	(DE-600)40473-1‚źü(DE-101)010357750
2173672-8	Oxford‚źüFrankfurt, Main	eng	(DE-600)801604-5‚źü(DE-101)014446340
2173757-5	Tirana‚źüFrankfurt, Main	fre	(DE-600)128583-X‚źü(DE-101)010731903
2173770-8	Belgrad‚źüFrankfurt, Main	srp	(DE-600)1227157-3‚źü(DE-101)017533503
2173927-4	PrishtineÕŹŐą‚źüFrankfurt, Main‚źüPrishtineÕŹŐą	alb	(DE-600)1477616-9‚źü(DE-101)019706243
2174025-2	BucuresŐßti‚źüFrankfurt, Main	rum	(DE-600)1426286-1‚źü(DE-101)019206208
2174032-X	Tartu‚źüFrankfurt, Main	est	(DE-600)1338311-5‚źü(DE-101)018404383
2177114-5	Iowa City, Iowa	eng	(DE-600)410721-4‚źü(DE-101)01226377X
2178016-X	KrakoŐĀw‚źüFrankfurt, M.	pol‚źüeng‚źüger	
2178341-X	Berlin [u.a.]	eng	(DE-600)2182189-6‚źü(DE-101)027240355
2180529-5	London	eng	
2180564-7	Berlin [u.a.]	eng	(DE-600)2162699-6‚źü(DE-101)026513390
2180717-6	Pretoria	eng	(DE-600)280007-X‚źü(DE-101)011739479
2182114-8	Tallinn	est	(DE-600)427068-X‚źü(DE-101)012409197
2183264-X	Oxford	eng	(DE-600)3359-5‚źü(DE-101)010050159
2184882-8	Amherst, Mass. [u.a.]	eng	(DE-600)967345-3‚źü(DE-101)015096963
2184891-9	University Park, Pa.‚źüMalibu, Calif.	eng	(DE-600)963431-9‚źü(DE-101)010142045
2184892-0	Iowa City, Iowa	eng	(DE-600)593297-X‚źü(DE-101)013385275
2184894-4	Iowa City, Iowa	eng	(DE-600)959687-2‚źü(DE-101)01009024X
2185009-4	Salt Lake City, Utah	eng	(DE-600)622528-7‚źü(DE-101)013604430
2185027-6	University, Ala.	eng	(DE-600)980093-1‚źü(DE-101)015196658
2185030-6	Tuscaloosa, Ala.‚źüUniversity, Ala.	eng	(DE-600)764914-9‚źü(DE-101)014175061
2185064-1	Salt Lake City, Utah	eng	(DE-600)622528-7‚źü(DE-101)013604430
2187006-8	Vilnius‚źüFrankfurt, Main‚źüVilnius	lit‚źüeng‚źüger	(DE-600)2072698-3‚źü(DE-101)02324884X
2187033-0	Belgrade‚źüFrankfurt, Main	srp	
2187035-4	Krakow‚źüFrankfurt, Main	pol	(DE-600)410872-3‚źü(DE-101)012265217
2190534-4	Pisa‚źüRoma‚źüPisa‚źüRoma	ita	(DE-600)1229718-5‚źü(DE-101)017558085
2193350-9	[Erscheinungsort nicht ermittelbar]‚źüNeuchaŐātel‚źüLausanne‚źüBern‚źüOxford‚źüOxford‚źüOxford	eng	(DE-600)1695-0‚źü(DE-101)010021701
2197754-9	Amsterdam [u.a.]	eng	(DE-600)3371-6‚źü(DE-101)010050353
2202459-1	Berlin [u.a.]	eng	(DE-600)2039-4‚źü(DE-101)010027734
2205615-4	London‚źüLeeds	eng‚źüger	(DE-600)202380-5‚źü(DE-101)011152842
2206352-3	Tallinn	est	(DE-600)2205031-0‚źü(DE-101)976533464
2206356-0	SŐĆiauliai‚źüFrankfurt, Main	lit	(DE-600)2117668-1‚źü(DE-101)025027662
2207436-3	Warszawa‚źüWrocŇāaw‚źüFrankfurt, Main	pol	(DE-600)209740-0‚źü(DE-101)011215089‚źü(DE-600)2408572-8‚źü(DE-101)987443860
2207559-8	Riga‚źüFrankfurt, Main	lav	(DE-600)2147729-2‚źü(DE-101)026051664
2209007-1	Berlin‚źüBoston‚źüBerlin‚źüNew York, NY	ger	(DE-600)1332293-X‚źü(DE-101)018346049
2210115-9	Madrid	spa	(DE-600)209970-6‚źü(DE-101)011217146
2211631-X	Weimar‚źüFrankfurt, M.	ger	(DE-600)7023-3‚źü(DE-101)010094679
2211636-9	Weimar	ger	(DE-600)1990-2‚źü(DE-101)010026819
2211639-4	Weimar	ger	(DE-600)2298-6‚źü(DE-101)010032215
2211975-9	Pisa [u.a.]	ita	(DE-600)2206496-5‚źü(DE-101)976716429
2212632-6	Bologna	fre‚źüeng	
2213293-4	Houston, Tex.	eng	(DE-600)969036-0‚źü(DE-101)01510978X
2214002-5	London	eng	(DE-600)716416-6‚źü(DE-101)01386954X
2214822-X	Frankfurt, M.‚źüReutlingen‚źüWurzbach, WuŐąrtt.‚źüMeisenheim, Glan	ger	(DE-600)201374-5‚źü(DE-101)011145005‚źü(DE-600)2235674-5‚źü(DE-101)979780098
2215162-X	Modena‚źüBologna	ita	(DE-600)1383553-1‚źü(DE-101)01878982X
2215741-4	Bologna‚źüTorino‚źüBologna‚źüBologna	ita‚źüeng	(DE-600)1431617-1‚źü(DE-101)019257856
2216240-9	Cham, Switzerland‚źüFrankfurt, M.‚źüGoŐąttingen‚źüStuttgart‚źüWeimar	ger	(DE-600)120167-0‚źü(DE-101)010674446‚źü(DE-600)2628571-X‚źü(DE-101)1015287204
2216935-0	NisŐĆ‚źüFrankfurt, Main	eng‚źüsrp	
2217473-4	Stuttgart‚źüWiesbaden	ger	(DE-600)204294-0‚źü(DE-101)011169087
2217475-8	Leiden‚źüBoston‚źüOxford [u.a.]‚źüLondon‚źüLeeds‚źüLondon	eng	(DE-600)200480-X‚źü(DE-101)011137584
2217477-1	Norman, Okl.	eng	(DE-600)280374-4‚źü(DE-101)011742240
2219780-1	Berlin‚źüLeipzig	ger	(DE-600)2074-6‚źü(DE-101)010028315
2221124-X	Sesto San Giovanni (MI)‚źüBologna	ita	(DE-600)420500-5‚źü(DE-101)012354538
2222555-9	Berlin [u.a.]	eng	(DE-600)2221169-X‚źü(DE-101)978450787
2224834-1	Milano‚źüGenova	ita	(DE-600)135556-9‚źü(DE-101)010788875
2224842-0	Milano‚źüGenova	ita	(DE-600)2292-5‚źü(DE-101)010032096
2224877-8	Milano‚źüMilano	ita	(DE-600)1320204-2‚źü(DE-101)018239676
2224897-3	Milano‚źüMilano	ita	(DE-600)205548-X‚źü(DE-101)011180315
2225348-8	Liverpool‚źüLondon	eng	(DE-600)311439-9‚źü(DE-101)011910410
2225575-8	London	eng	(DE-600)715867-1‚źü(DE-101)013865005‚źü(DE-600)2748784-2‚źü(DE-101)1046054120
2225728-7	Edmonton	eng	(DE-600)191113-2‚źü(DE-101)011059087
2226407-3	TuŐąbingen‚źüBern‚źüTuŐąbingen‚źüBasel	ger‚źüeng	(DE-600)1551-9‚źü(DE-101)010019480
2226906-X	Stuttgart‚źüWeimar‚źüHalle	ger	(DE-600)200376-4‚źü(DE-101)011136693
2226913-7	Berlin‚źüBerlin‚źüBerlin	ger	(DE-600)1316594-X‚źü(DE-101)018204899‚źü(DE-600)201128-1‚źü(DE-101)011142774
2227103-X	Leipzig	ger	(DE-600)203459-1‚źü(DE-101)011161973
2227112-0	Leipzig	ger	(DE-600)220192-6‚źü(DE-101)011298146
2227132-6	The Hague [u.a.]	eng	(DE-600)203462-1‚źü(DE-101)011162007
2227476-5	Paris	fre	(DE-600)216549-1‚źü(DE-101)011270128‚źü(DE-600)1400770-8‚źü(DE-101)018957129
2228479-5	[Abingdon]‚źüLondon‚źüLeeds	eng	(DE-600)124246-5‚źü(DE-101)01069899X
2228645-7	Madrid	spa	(DE-600)1086723-5‚źü(DE-101)01617433X
2228944-6	Guildford	eng	(DE-600)865280-6‚źü(DE-101)014743256
2229408-9	London [u.a.]	eng	(DE-600)219130-1‚źü(DE-101)01129051X
2230599-3	Beijing‚źüBerlin‚źüHeidelberg‚źüLeiden	eng	(DE-600)2299875-5‚źü(DE-101)984160671
2231070-8	Berlin‚źüLeipzig‚źüBerlin	ger	(DE-600)3417-4‚źü(DE-101)010051155
2231076-9	Frankfurt, M.‚źüMeisenheim, Glan‚źüMeisenheim, Glan	ger	(DE-600)2365541-0‚źü(DE-101)984673148‚źü(DE-600)123524-2‚źü(DE-101)010694005
2231083-6	TuŐąbingen	ger	(DE-600)216057-2‚źü(DE-101)011265817
2231403-9	Madrid‚źüMadrid‚źüMadrid‚źüMadrid	spa	(DE-600)208567-7‚źü(DE-101)011205156
2231408-8	Paris‚źüParis	fre	(DE-600)205278-7‚źü(DE-101)011177861
2233034-3	Thousand Oaks, Calif.‚źüChicago, Ill.‚źüMahwah, NJ‚źüNew York, NY	eng	(DE-600)1326723-1‚źü(DE-101)018291988
2234079-8	PoznanŐĀ	pol‚źüeng	(DE-600)1401388-5‚źü(DE-101)018963226
2235674-5	Frankfurt, M.‚źüReutlingen‚źüWurzbach, WuŐąrtt.‚źüMeisenheim, Glan	ger	(DE-600)2214822-X‚źü(DE-101)977857417‚źü(DE-600)201374-5‚źü(DE-101)011145005
2238166-1	Kaunas‚źüFrankfurt, Main	lit	
2238171-5	Kaunas	lit	(DE-600)2008877-2‚źü(DE-101)020242700
2239339-0	Wiesbaden	ger‚źüeng‚źüfre	(DE-600)2852094-4‚źü(DE-101)1096199203‚źü(DE-600)303903-1‚źü(DE-101)011846186
2239349-3	TuŐąbingen	ger	(DE-600)202968-6‚źü(DE-101)011157941
2242135-X	Hamburg‚źüBonn	ger	(DE-600)210890-2‚źü(DE-101)011223723
2242449-0	MuŐąnchen‚źüMuŐąnchen	ger	(DE-600)243153-1‚źü(DE-101)011470631
2244570-5	Berlin [u.a.]	eng	(DE-600)184025-3‚źü(DE-101)010998330
2244789-1	Berlin‚źüBerlin	ger	(DE-600)1149842-0‚źü(DE-101)016783859
2252291-8	Sarajevo‚źüFrankfurt, Main	srp	(DE-600)801029-8‚źü(DE-101)014442396
2252531-2	Sarajevo‚źüFrankfurt, Main	bos	
2252540-3	Sofia	eng	(DE-600)2202668-X‚źü(DE-101)976367378
2253040-X	MeŐĀxico‚źü[Erscheinungsort nicht ermittelbar]	spa‚źüeng	(DE-600)730777-9‚źü(DE-101)013939718
2253046-0	Bratislava	slo	(DE-600)339145-0‚źü(DE-101)011958847
2253102-6	Pisa‚źüRoma‚źüRoma‚źüPadova‚źüMilano‚źüRoma‚źüPadova‚źüPisa‚źüRoma	ita	(DE-600)130766-6‚źü(DE-101)010749640
2253270-5	Sarajevo‚źüFrankfurt, Main	srp‚źüeng‚źüfre	(DE-600)300649-9‚źü(DE-101)011817569
2253753-3	Warszawa	fre‚źüeng	(DE-600)2505868-X‚źü(DE-101)99538956X
2253776-4	Vilnius‚źüFrankfurt, M.	lit‚źüeng	(DE-600)1105006-8‚źü(DE-101)016350464
2254060-X	Vilnius‚źüFrankfurt, Main	lit‚źürus‚źüeng‚źüpol	(DE-600)2196055-0‚źü(DE-101)975726420
2257165-6	WrocŇāaw‚źüWrocŇāaw‚źüWrocŇāaw	pol	(DE-600)2249783-3‚źü(DE-101)98111847X
2257185-1	London	eng	(DE-600)1282648-0‚źü(DE-101)017918553
2259863-7	London	eng	
2260171-5	La Haye	fre	
2262968-3	London	eng	
2262982-8	London	eng	
2267941-8	Pisa‚źüRoma‚źüPisa [u.a.]	ita‚źüeng	(DE-600)2193730-8‚źü(DE-101)975498940
2269747-0	Hamilton, New Zealand	eng	(DE-600)593295-6‚źü(DE-101)013385259
2270607-0	Vilnius‚źüFrankfurt, M.‚źüVilnius	lit‚źürus	(DE-600)1407104-6‚źü(DE-101)019019017
2276367-3	Vilnius‚źüFrankfurt, Main	lit	(DE-600)2261737-1‚źü(DE-101)982218974
2276674-1	Vilnius‚źüFrankfurt, Main	lit‚źüeng	(DE-600)1400357-0‚źü(DE-101)018953115‚źü(DE-600)1400368-5‚źü(DE-101)018953212‚źü(DE-600)1318873-2‚źü(DE-101)018226752‚źü(DE-600)2073139-5‚źü(DE-101)023263660
2276675-3	Vilnius‚źüFrankfurt, Main	lit	
2276836-1	Zagreb‚źüFrankfurt, Main	hrv	(DE-600)429609-6‚źü(DE-101)012432865
2299320-4	Champaign, IL	eng	(DE-600)2236596-5‚źü(DE-101)979881404
2365318-8	Zagreb‚źüFrankfurt, Main	ger	(DE-600)913163-2‚źü(DE-101)015005909
2377079-X	Oxford	eng	(DE-600)2418734-3‚źü(DE-101)988125668
2380234-0	London	eng	(DE-600)982938-6‚źü(DE-101)015220338
2380331-9	London	eng	
2381434-2	Madrid	spa	(DE-600)422955-1‚źü(DE-101)012371890
2384266-0	Edinburgh [u.a.]	eng	(DE-600)1358057-7‚źü(DE-101)018569269
2384279-9	London	eng	(DE-600)429839-1‚źü(DE-101)012435031
2384390-1	London	eng	(DE-600)973058-8‚źü(DE-101)01513993X
2384491-7	London	eng	(DE-600)1209672-6‚źü(DE-101)017363934
2384715-3	London	eng	(DE-600)1376533-4‚źü(DE-101)018721648
2384716-5	London	eng	(DE-600)1393610-4‚źü(DE-101)018887430
2384723-2	London	eng	(DE-600)1393616-5‚źü(DE-101)01888749X
2385274-4	Macerata	eng‚źüita	(DE-600)2280470-5‚źü(DE-101)983977410
2385289-6	Roma	ita	(DE-600)4179-8‚źü(DE-101)010062165
2385731-6	London	eng	(DE-600)281204-6‚źü(DE-101)011748907
2386099-6	Zagreb‚źüFrankfurt, Main	eng‚źüita‚źührv	(DE-600)2507223-7‚źü(DE-101)995596247
2386229-4	Katowice	pol	(DE-600)228274-4‚źü(DE-101)011362677
2386239-7	Katowice‚źüFrankfurt, Main	pol‚źüfre‚źüspa‚źüita	(DE-600)996462-9‚źü(DE-101)015305325
2386269-5	Hamburg‚źüFrankfurt, Main	ger‚źüeng‚źüfre	(DE-600)1324133-3‚źü(DE-101)018266959
2387543-4	London	eng	(DE-600)1111051-X‚źü(DE-101)01640792X
2387784-4	Leiden‚źüAmsterdam [u.a.]	eng	(DE-600)1121539-2‚źü(DE-101)016509706
2391908-5	Cluj-Napoca‚źüFrankfurt, Main‚źüKolozsvaŐĀr	hun	(DE-600)951839-3‚źü(DE-101)015091716
2394510-2	Innsbruck	ger	(DE-600)213771-9‚źü(DE-101)011246618
2396831-X	Berlin‚źüDordrecht	ger‚źüeng	(DE-600)1466170-6‚źü(DE-101)019594178
2400367-0	Berlin‚źüGoŐąttingen	ger‚źüeng	(DE-600)2255685-0‚źü(DE-101)981639771
2400980-5	Wiesbaden‚źüGoŐąttingen	ger	(DE-600)1089-3‚źü(DE-101)01001201X‚źü(DE-600)2075356-1‚źü(DE-101)023354046
2401530-1	Cluj-Napoca‚źüFrankfurt, Main	eng‚źüfre‚źüger	(DE-600)202228-X‚źü(DE-101)011151447
2401657-3	GoŐąttingen	ger‚źüeng	(DE-600)2033050-9‚źü(DE-101)021092222
2403591-9	Berlin‚źüNew York, NY‚źüPoznanŐĀ‚źüWarsaw	eng	(DE-600)189334-8‚źü(DE-101)011044403‚źü(DE-600)2008340-3‚źü(DE-101)020228848
2405121-4	Berlin [u.a.]	ger‚źüeng	(DE-600)2258009-8‚źü(DE-101)981840027
2405339-9	Aarhus	eng	(DE-600)2224870-5‚źü(DE-101)978778480
2406081-1	Warsaw‚źüBerlin‚źüNew York, NY	eng	(DE-600)2379544-X‚źü(DE-101)985086386
2406484-1	Prague‚źüPraha‚źüWarsaw	ger‚źüeng‚źüfre	(DE-600)1087844-0‚źü(DE-101)016185072
2407589-9	Berlin	ger	(DE-600)195675-9‚źü(DE-101)011099267
2407915-7	Paris		(DE-600)123705-6‚źü(DE-101)010695346
2408740-3	Hannover	ger	(DE-600)220965-2‚źü(DE-101)011303034
2409218-6	Madrid	spa	(DE-600)209948-2‚źü(DE-101)011216948
2409353-1	Roma	ita	
2409361-0	Firenze	ita	
2409376-2	Firenze	ita	
2409392-0	Pisa‚źüRoma	ita	(DE-600)2383093-1‚źü(DE-101)985361271
2409789-5	Los Angeles, Calif. [u.a.]	eng	(DE-600)2479272-X‚źü(DE-101)992616271
2411584-8	Berlin‚źüBerlin	ger	(DE-600)715442-2‚źü(DE-101)013861697
2415702-8	Berlin [u.a.]	ger	(DE-600)283620-8‚źü(DE-101)011765372
2418115-8	Berlin‚źüTuŐąbingen	ger	(DE-600)730-4‚źü(DE-101)010006532
2425759-X	Berlin‚źüBerlin	ger‚źüeng	(DE-600)189785-8‚źü(DE-101)011048263
2425976-7	Berlin	eng	(DE-600)1428489-3‚źü(DE-101)019227582
2428908-5	Berlin	ger‚źüeng‚źüfre‚źüspa	(DE-600)121210-2‚źü(DE-101)010683453
2430637-X	Berlin	eng	(DE-600)190096-1‚źü(DE-101)011050802
2436249-9	Berlin‚źüNew York, NY‚źüTuŐąbingen	ger	(DE-600)2190-8‚źü(DE-101)010030336‚źü(DE-600)2071285-6‚źü(DE-101)023180897
2437054-X	Lublin	pol‚źüeng‚źüfre	(DE-600)15740-5‚źü(DE-101)010212906
2437888-4	Ankara	tur‚źüeng‚źüger	(DE-600)1197753-X‚źü(DE-101)017248051
2438024-6	Philadelphia, Pa.‚źüNew York, NY	spa	(DE-600)208551-3‚źü(DE-101)011205008
2438463-X	Oxford	eng	(DE-600)2418744-6‚źü(DE-101)988126184
2439092-6	Montgomery, Ala.	glg	(DE-600)339360-4‚źü(DE-101)011960612
2442758-5	Sakarya	tur‚źüeng‚źüara	(DE-600)2837741-2‚źü(DE-101)1077846037
2443004-3	TaŐārgu MuresŐß	rum‚źüeng‚źüfre	(DE-600)2420156-X‚źü(DE-101)988214040
2445275-0	Berlin‚źüNew York‚źüKoblenz‚źüFrankfurt, M. [u.a.]	ger	(DE-600)1395566-4‚źü(DE-101)018906494
2445641-X	TuŐąbingen	ger	(DE-600)2170931-2‚źü(DE-101)026836769
2445648-2	Berlin‚źüTuŐąbingen	ger	(DE-600)2566-5‚źü(DE-101)010036636
2445654-8	Berlin‚źüTuŐąbingen	eng	(DE-600)630467-9‚źü(DE-101)01365294X
2445663-9	Berlin‚źüTuŐąbingen	ger	(DE-600)8169-3‚źü(DE-101)010107266
2446612-8	Berlin	ger	(DE-600)720806-6‚źü(DE-101)013899554
2453868-1	Praha‚źüFrankfurt, Main	ger‚źüeng	(DE-600)216758-X‚źü(DE-101)011271981
2453869-3	Cluj-Napoca‚źüFrankfurt, Main	eng‚źüger‚źüfre	(DE-600)1137092-0‚źü(DE-101)01666020X
2454656-2	Berlin‚źüTuŐąbingen	ger	(DE-600)740455-4‚źü(DE-101)014013908
2455198-3	Berlin‚źüNew York‚źüTuebingen	ger	(DE-600)623050-7‚źü(DE-101)013608460
2455923-4	London‚źüEdinburgh	eng	(DE-600)2445549-0‚źü(DE-101)990055604
2459907-4	Warszawa	pol	(DE-600)2213180-2‚źü(DE-101)977680827
2460787-3	London	eng	(DE-600)219328-0‚źü(DE-101)01129194X
2466560-5	Berlin [u.a.]	ita	(DE-600)625529-2‚źü(DE-101)013617346
2466840-0	Hamburg	ger	(DE-600)220494-0‚źü(DE-101)011299827‚źü(DE-600)2466684-1‚źü(DE-101)991359674
2466847-3	Beograd	srp	(DE-600)2214315-4‚źü(DE-101)977811654
2467332-8	Hoboken, NJ [u.a.]‚źüNew York, NY	eng	(DE-600)280727-0‚źü(DE-101)011744944
2467772-3	Prag‚źüPrag‚źüFrankfurt, Main	ger	(DE-600)228437-6‚źü(DE-101)011364157
2467821-1	[Bucharest]‚źüBucharest	rum‚źüger‚źüfre	(DE-600)2084872-9‚źü(DE-101)02372935X
2469092-2	Vilnius‚źüFrankfurt, Main	lit‚źüeng‚źüger	(DE-600)2945480-3‚źü(DE-101)1169141005
2469425-3	KrakoŐĀw	eng	(DE-600)2365763-7‚źü(DE-101)984687734
2470929-3	Berlin‚źüTuŐąbingen	ger	(DE-600)1329019-8‚źü(DE-101)018314422
2479477-6	Dordrecht	eng	(DE-600)2112-X‚źü(DE-101)010029036
2479622-0	Dordrecht [u.a.]‚źüNew York, NY [u.a.]	eng	(DE-600)1082695-6‚źü(DE-101)01613527X
2484262-X	Bratislava	slo‚źüeng	(DE-600)2483317-4‚źü(DE-101)993016510
2485291-0	Berlin‚źüNew York, NY‚źüClayton, Vic.‚źüEdmonton, Alta.‚źüKelowna, BC	eng	(DE-600)280170-X‚źü(DE-101)011740795
2485353-7	Firenze‚źüMessina	ita	(DE-600)758-4‚źü(DE-101)010007016
2485493-1	Waterville, Me.	eng	(DE-600)28664-3‚źü(DE-101)010307621
2486519-9	Fayetteville, Arkansas‚źüNorman, Okla.	eng	(DE-600)8420-7‚źü(DE-101)010111190
2486534-5	Frankfurt, M.‚źüSchlehdorf, Kochelsee‚źüMuŐąnchen‚źüStuttgart‚źüMeisenheim	ger	(DE-600)3404-6‚źü(DE-101)010050957
2486540-0	New York, NY	eng	(DE-600)1307443-X‚źü(DE-101)01811623X
2486797-4	Firenze	ita	(DE-600)222229-2‚źü(DE-101)011313064
2486836-X	University Park, Pa.‚źüAlbany, NY‚źüKent, Ohio‚źüUniversity Park, Pa.‚źüLincoln, Neb.‚źüAsland, Ohio‚źüWest Lafayette, Ind.	eng	(DE-600)43113-8‚źü(DE-101)010381171
2487168-0	Paris‚źüParis‚źüParis‚źüParis	fre	(DE-600)1961-6‚źü(DE-101)010026355
2487535-1	Worcester, Mass.	eng	(DE-600)436471-5‚źü(DE-101)01248959X
2488356-6	Cluj-Napoca‚źüFrankfurt, Main	rum	
2488359-1	Cluj-Napoca‚źüFrankfurt, Main	rum	
2490732-7	Berlin‚źüTuŐąbingen	ger	(DE-600)204709-3‚źü(DE-101)011172649
2491099-5	London	eng	(DE-600)982090-5‚źü(DE-101)015213056
2491509-9	London	eng	(DE-600)434393-1‚źü(DE-101)012471267
2491586-5	London	eng	(DE-600)981884-4‚źü(DE-101)015211320
2491954-8	Cambridge	eng	
2491957-3	London	eng	(DE-600)1015436-X‚źü(DE-101)015483916
2491967-6	London	eng	(DE-600)1110566-5‚źü(DE-101)016403134
2491990-1	London	eng	(DE-600)799062-5‚źü(DE-101)014427044
2491993-7	London	eng	(DE-600)1015446-2‚źü(DE-101)015484017
2492000-9	London	eng	(DE-600)1015452-8‚źü(DE-101)015484068
2492260-2	London	eng	(DE-600)1053447-7‚źü(DE-101)015852113
2492329-1	London	eng	(DE-600)1007232-9‚źü(DE-101)015405125
2492860-4	London	eng	(DE-600)1023770-7‚źü(DE-101)015564525
2492872-0	London‚źüLondon	eng	(DE-600)330912-5‚źü(DE-101)011949643
2492925-6	London	eng	(DE-600)425893-9‚źü(DE-101)012398039
2496751-8	Berlin [u.a.]	eng	(DE-600)2486198-4‚źü(DE-101)993301029
2496769-5	London	eng	(DE-600)1474546-X‚źü(DE-101)019676042
2496792-0	London	eng	(DE-600)1110495-8‚źü(DE-101)01640243X
2496925-4	London	eng	(DE-600)427523-8‚źü(DE-101)012413445
2497326-9	London	eng	(DE-600)1084027-8‚źü(DE-101)01614824X
2497363-4	London	eng	(DE-600)1110754-6‚źü(DE-101)016405005
2497407-9	ConstantŐ¶a‚źüFrankfurt, Main	rum	
2497803-6	Napoli	ita	
2497822-X	Roma	ita	(DE-600)2063757-3‚źü(DE-101)022876057‚źü(DE-600)189330-0‚źü(DE-101)011044365
2497839-5	Firenze	ita	(DE-600)1076031-3‚źü(DE-101)016070518
2497844-9	Napoli‚źüNapoli	ita	(DE-600)188619-8‚źü(DE-101)011038497
2497848-6	Roma‚źüRoma	ita‚źüger	(DE-600)1288065-6‚źü(DE-101)017970652
2497880-2	London	eng	(DE-600)1110457-0‚źü(DE-101)016402065
2497919-3	Calcutta	eng	(DE-600)2048606-6‚źü(DE-101)021882347
2497934-X	Roma	ita	(DE-600)1162574-0‚źü(DE-101)016907205
2497943-0	Modena‚źüBologna	ita	(DE-600)2459708-9‚źü(DE-101)990915301
2498651-3	Dordrecht [u.a.]‚źüDordrecht	eng	(DE-600)202403-2‚źü(DE-101)011153059
2499690-7	Cambridge‚źüBerlin‚źüNew York, NY	eng	(DE-600)2486330-0‚źü(DE-101)993308880
2500905-9	WrocŇāaw‚źüFrankfurt, Main‚źüWrocŇāaw	pol	(DE-600)2661815-1‚źü(DE-101)1022201107
2501847-4	Bratislava	eng‚źüslo	(DE-600)2499752-3‚źü(DE-101)994731701
2502679-3	Berlin [u.a.]	ger‚źüeng‚źüfre	(DE-600)1227130-5‚źü(DE-101)017533236
2503814-X	ŇĀoŐĀdz‚źüWarsaw	eng	(DE-600)2142629-6‚źü(DE-101)025858793
2508014-3	Alba Iulia‚źüFrankfurt, Main	rum	
2510764-1	Madison, Wis.	ger	(DE-600)206480-7‚źü(DE-101)011187891
2510769-0	Milwaukee, Wis.‚źüMadison, Wis.	ger	(DE-600)206479-0‚źü(DE-101)011187883
2511635-6	Sofia	eng	(DE-600)2568926-5‚źü(DE-101)1005792844
2514960-X	Warszawa	pol‚źüeng	(DE-600)1398203-5‚źü(DE-101)018932215
2518051-4	Hannover‚źüWolgast	ger	(DE-600)527277-4‚źü(DE-101)012810118
2518057-5	Hamburg‚źüBerlin	ger	(DE-600)501884-5‚źü(DE-101)01262120X
2518065-4	Heidelberg	ger	(DE-600)502076-1‚źü(DE-101)012622893
2518067-8	Leipzig	ger	(DE-600)211537-2‚źü(DE-101)01122889X
2518070-8	Wien	ger	(DE-600)539779-0‚źü(DE-101)012926213
2518074-5	Leipzig	ger	(DE-600)715364-8‚źü(DE-101)013861050
2518076-9	Berlin	ger	(DE-600)715351-X‚źü(DE-101)01386095X
2518082-4	Berlin	ger	(DE-600)521176-1‚źü(DE-101)012773980
2518093-9	Berlin	ger	(DE-600)715369-7‚źü(DE-101)013861093
2518380-1	Cluj-Napoca‚źüFrankfurt, Main	eng	
2518734-X	Berlin-Wilmersdorf	ger	(DE-600)280404-9‚źü(DE-101)01174250X
2518736-3	MuŐąnchen	ger	(DE-600)537361-X‚źü(DE-101)01290368X
2518737-5	KoŐąln	ger	(DE-600)799025-X‚źü(DE-101)014426722
2518740-5	ZuŐąrich	ger	(DE-600)799024-8‚źü(DE-101)014426714
2518750-8	Darmstadt	ger	(DE-600)131405-1‚źü(DE-101)01075489X
2518754-5	Wien	ger	(DE-600)221268-7‚źü(DE-101)011305533
2518755-7	Wien‚źüLeipzig	ger	(DE-600)221269-9‚źü(DE-101)011305541
2518756-9	Leipzig‚źüWien‚źüWien‚źüLeipzig [u.a.]	ger	(DE-600)221270-5‚źü(DE-101)01130555X
2518804-5	MuŐąnchen	ger	(DE-600)282157-6‚źü(DE-101)011756020
2518811-2	Berlin	ger	(DE-600)380913-4‚źü(DE-101)012112763
2518815-X	MuŐąnchen‚źüBerlin	ger	(DE-600)715357-0‚źü(DE-101)013861018
2518818-5	Leipzig	ger	(DE-600)716521-3‚źü(DE-101)013870394
2518833-1	Berlin-Wilmersdorf	ger	(DE-600)798636-1‚źü(DE-101)014423278
2518894-X	Berlin	ger	(DE-600)339440-2‚źü(DE-101)011961341
2518896-3	Berlin‚źüBerlin‚źüBerlin	ger	(DE-600)220954-8‚źü(DE-101)011302941
2519868-3	Cluj-Napoca‚źüFrankfurt, Main	eng	
2519972-9	Leipzig‚źüCoburg	ger	(DE-600)521560-2‚źü(DE-101)012777153
2519978-X	Wien‚źüLeipzig	ger	(DE-600)532226-1‚źü(DE-101)012856509
2519983-3	Berlin	ger	(DE-600)716974-7‚źü(DE-101)01387375X
2519986-9	Burg Lauenstein, Oberfranken	ger	(DE-600)716392-7‚źü(DE-101)013869337
2519988-2	Wien	ger	(DE-600)131209-1‚źü(DE-101)010753222
2519992-4	Berlin‚źüHalle, S.	ger	(DE-600)554833-0‚źü(DE-101)013067850
2519995-X	MuŐąnchen‚źüLeipzig	ger	(DE-600)531798-8‚źü(DE-101)012852473
2519996-1	Prag	ger	(DE-600)281688-X‚źü(DE-101)011752602
2519997-3	Hannover	ger	(DE-600)220937-8‚źü(DE-101)01130281X
2519998-5	Berlin-Steglitz	ger	(DE-600)555693-4‚źü(DE-101)013075985
2519999-7	Berlin-Steglitz	ger	(DE-600)555694-6‚źü(DE-101)013075993
2520000-8	Berlin‚źüLeipzig	ger	(DE-600)715444-6‚źü(DE-101)013861719
2520001-X	Berlin	ger	(DE-600)220968-8‚źü(DE-101)011303069
2520002-1	MuŐąnchen	ger	(DE-600)716759-3‚źü(DE-101)013872141
2520003-3	Dresden	ger	(DE-600)715366-1‚źü(DE-101)013861077
2521166-3	KoŐąnigsberg, Pr.	ger	(DE-600)534764-6‚źü(DE-101)012880167
2521167-5	Hamburg	ger	(DE-600)531929-8‚źü(DE-101)012853747
2521344-1	Magdeburg	ger	(DE-600)798558-7‚źü(DE-101)014422603
2521347-7	Leipzig	ger	(DE-600)220970-6‚źü(DE-101)011303085
2521353-2	Hannover‚źüLeipzig [u.a.]	ger	(DE-600)715365-X‚źü(DE-101)013861069
2521383-0	ZuŐąrich	ger	(DE-600)715374-0‚źü(DE-101)013861115
2521385-4	MuŐąnchen	ger	(DE-600)535551-5‚źü(DE-101)012887013
2521387-8	Berlin‚źüBerlin‚źüHellerau‚źüBerlin	ger	(DE-600)550836-8‚źü(DE-101)013030647
2521390-8	Dresden‚źüDresden	ger	(DE-600)221604-8‚źü(DE-101)011308265
2521393-3	Frankfurt, M.	ger	(DE-600)720205-2‚źü(DE-101)013895028
2521396-9	Berlin-Wilmersdorf‚źüMuŐąnchen-Pasing‚źüBerlin‚źüBerlin	ger	(DE-600)221605-X‚źü(DE-101)011308273‚źü(DE-600)2893769-7‚źü(DE-101)1131648773
2521401-9	MuŐąnchen	ger	(DE-600)221724-7‚źü(DE-101)011309229
2521403-2	Berlin‚źüBerlin-Halensee‚źüBerlin	ger	(DE-600)339455-4‚źü(DE-101)011961465
2521413-5	Leipzig	ger	(DE-600)715441-0‚źü(DE-101)013861689
2521619-3	BruŐąggen‚źüM.Gladbach	ger	(DE-600)715082-9‚źü(DE-101)01385903X
2521663-6	Leipzig	ger	(DE-600)131095-1‚źü(DE-101)010752307
2521666-1	Meiningen‚źüLeipzig‚źüHanau‚źüBremen	ger	(DE-600)554481-6‚źü(DE-101)013064541
2522065-2	Berlin‚źüBerlin	ger	(DE-600)513416-X‚źü(DE-101)012705381
2522066-4	Stuttgart-Cannstatt	ger	(DE-600)133272-7‚źü(DE-101)010770879
2522068-8	MuŐąnchen	ger	(DE-600)531523-2‚źü(DE-101)01284988X
2522070-6	Berlin‚źüLeipzig	ger	(DE-600)715440-9‚źü(DE-101)013861670
2522073-1	Wien	ger	(DE-600)546769-X‚źü(DE-101)012991384
2522074-3	Hellerau‚źüWien	ger	(DE-600)220967-6‚źü(DE-101)011303050
2522089-5	Berlin‚źüBerlin‚źüHannover‚źüBerlin	ger	(DE-600)715352-1‚źü(DE-101)013860968
2522112-7	Wien‚źüLeipzig	ger	(DE-600)221670-X‚źü(DE-101)011308834
2522115-2	Heidelberg	ger	(DE-600)221274-2‚źü(DE-101)011305592
2522118-8	KoŐąln	ger	(DE-600)799027-3‚źü(DE-101)014426749
2522122-X	Kiel	ger	(DE-600)220951-2‚źü(DE-101)011302925
2522129-2	Regensburg	ger	(DE-600)221743-0‚źü(DE-101)011309377
2522133-4	ZuŐąrich	ger	(DE-600)220957-3‚źü(DE-101)011302976
2522136-X	KoŐąln	ger	(DE-600)715676-5‚źü(DE-101)01386341X
2522144-9	Berlin‚źüHamburg	ger	(DE-600)280738-5‚źü(DE-101)011745010
2522146-2	Hamburg‚źüAltona	ger	(DE-600)536068-7‚źü(DE-101)01289172X
2522148-6	Hellerau	ger	(DE-600)202449-4‚źü(DE-101)011153458
2522157-7	MuŐąnchen‚źüMuŐąnchen‚źüBerlin	ger	(DE-600)201462-2‚źü(DE-101)011145641
2522162-0	KoŐąln‚źüKoŐąln	ger	(DE-600)715443-4‚źü(DE-101)013861700
2522166-8	MuŐąnchen	ger	(DE-600)220966-4‚źü(DE-101)011303042
2522171-1	Berlin‚źüBern‚źüZuŐąrich‚źüLeipzig	ger	(DE-600)213633-8‚źü(DE-101)011245476
2522176-0	Greifswald‚źüGreifswald	ger	(DE-600)715682-0‚źü(DE-101)013863460
2522184-X	Wien	ger	(DE-600)272810-2‚źü(DE-101)011702028
2522186-3	MuŐąnchen‚źüBerlin	ger	(DE-600)220973-1‚źü(DE-101)011303115
2522196-6	MuŐąnchen	ger	(DE-600)798557-5‚źü(DE-101)01442259X
2522198-X	ZuŐąrich	ger	(DE-600)552372-2‚źü(DE-101)013045199
2523649-0	Sarajevo‚źüFrankfurt, Main	bos	(DE-600)1353996-6‚źü(DE-101)018529852
2526988-4	Calcutta	eng	(DE-600)301853-2‚źü(DE-101)011828277
2533686-1	New York, NY		(DE-600)9297-6‚źü(DE-101)010127798
2533860-2	New York, NY	eng	(DE-600)431698-8‚źü(DE-101)012449512
2533911-4	Baltimore, Md.	eng	(DE-600)90214-7‚źü(DE-101)010617914
2533917-5	New York, NY		(DE-600)88955-6‚źü(DE-101)010606181
2533919-9	New York‚źüNew York, NY	eng	(DE-600)88954-4‚źü(DE-101)010606173
2534245-9	New York, NY	eng	(DE-600)88842-4‚źü(DE-101)010605150
2534252-6	New York, NY	eng	(DE-600)86788-3‚źü(DE-101)010588396
2534303-8	Philadelphia, Pa.		(DE-600)89572-6‚źü(DE-101)01061186X
2534343-9	Middlebury, Vt.	eng	(DE-600)89689-5‚źü(DE-101)010612866
2534344-0	Philadelphia	eng	(DE-600)339266-1‚źü(DE-101)011959851
2534347-6	Portsmouth, NH	eng	(DE-600)91059-4‚źü(DE-101)010625763
2534518-7	Boston, Mass.		(DE-600)82673-X‚źü(DE-101)010553746
2534550-3	Boston, Mass.	eng	(DE-600)339604-6‚źü(DE-101)011962860
2534563-1	Boston, Mass.	eng	(DE-600)93291-7‚źü(DE-101)010646310
2534606-4	Philadelphia, Pa.	eng	(DE-600)339104-8‚źü(DE-101)011958545
2534823-1	Worcester, Mass. [u.a.]	eng	(DE-600)439213-9‚źü(DE-101)012510718
2534927-2	Philadelphia, Pa.		(DE-600)88873-4‚źü(DE-101)010605444
2535015-8	[Erscheinungsort nicht ermittelbar]		
2535267-2	New York, NY	eng	(DE-600)981394-9‚źü(DE-101)015207420
2535545-4	London	eng	(DE-600)3794-1‚źü(DE-101)010056769
2537483-7	Berlin-Wilmersdorf	ger	(DE-600)716246-7‚źü(DE-101)01386811X
2538405-3	New York, NY‚źüFrankfurt, M.	eng	
2539693-6	Temeswar	ger‚źürum	(DE-600)2073167-X‚źü(DE-101)02326473X
2542303-4	Berlin [u.a.]‚źüTuŐąbingen	ger	(DE-600)2519653-4‚źü(DE-101)997442247‚źü(DE-600)2624-4‚źü(DE-101)010037535
2544447-5	Udine	ita‚źüeng‚źüger	(DE-600)2019328-2‚źü(DE-101)020620977
2554298-9	GoŐąttingen	ger	(DE-600)3554-3‚źü(DE-101)010053425
2554882-7	Praha‚źüPraha	cze	(DE-600)208806-X‚źü(DE-101)011207302
2554989-3	Targoviste‚źüFrankfurt, M.	rum‚źüeng	(DE-600)2620889-1‚źü(DE-101)1013913078
2555287-9	Breslau	ger	(DE-600)528599-9‚źü(DE-101)012822736
2555326-4	Boston	eng	
2555715-4	Sarajevo‚źüFrankfurt, Main	bos	
2555748-8	Tartu‚źüFrankfurt, Main	eng	(DE-600)2268939-4‚źü(DE-101)983002452
2555966-7	TbŐďilisi‚źüFrankfurt, M.	geo‚źürus‚źüeng	
2556380-4	Berlin‚źüBoston‚źüBern‚źüBerlin‚źüFrankfurt, M. [u.a.]	eng	(DE-600)2387651-7‚źü(DE-101)985713496
2558230-6	New York, NY	eng	
2559519-2	Tallinn‚źüFrankfurt, Main	est‚źüfin	(DE-600)2698774-0‚źü(DE-101)1029859426
2559632-9	London‚źüBerlin‚źüNew York, NY	eng	(DE-600)2205716-X‚źü(DE-101)976607697
2561436-8	PoznanŐĀ‚źüWarsaw‚źüBerlin	eng	(DE-600)214945-X‚źü(DE-101)011256478
2563041-6	Tartu‚źüFrankfurt, Main	est	(DE-600)2071258-3‚źü(DE-101)02318003X
2564663-1	Boston	eng	
2564666-7	Boston [Mass.]	eng	
2564669-2	Boston [Mass.]	eng	
2565387-8	[Boston, Mass.	eng	(DE-600)88391-8‚źü(DE-101)010601406
2565406-8	Suceava	rum	(DE-600)2559863-6‚źü(DE-101)1003719481
2565465-2	Albany, NY.	eng	
2565999-6	Philadelphia, Pa.	eng	(DE-600)89109-5‚źü(DE-101)010607579
2566040-8	Philadelphia, Pa.	eng	(DE-600)339527-3‚źü(DE-101)011962100
2566147-4	London‚źüNew York, NY	eng	
2566353-7	Boston, Mass.	eng	(DE-600)44015-2‚źü(DE-101)010389008
2566746-4	Lincoln, Neb.	eng	(DE-600)2490889-7‚źü(DE-101)993767397
2567057-8	Cambridge, Mass.	eng	
2567640-4	Philadelphia, Pa.	eng	
2567763-9	Philadelphia, Pa.	eng	(DE-600)339260-0‚źü(DE-101)011959797
2567844-9	Huntington	eng	
2568943-5	Ithaca,  N.Y.	eng	
2568954-X	Baltimore [Md.]	eng	(DE-600)85572-8‚źü(DE-101)010577467
2569089-9	London	eng	(DE-600)215693-3‚źü(DE-101)011262877
2569703-1	Lexington, Ky.	eng	
2572495-2	Cluj-Napoca‚źüFrankfurt, Main	eng‚źüfre‚źürum	
2572574-9	Novosibirsk‚źüFrankfurt, Main	rus	
2573233-X	Berlin‚źüNew York, NY	ger‚źüeng	(DE-600)2552893-2‚źü(DE-101)1002265630
2574421-5	Berlin‚źüBoston, Mass.‚źüBerlin	ger	(DE-600)1217133-5‚źü(DE-101)017436257
2575065-3	Berlin‚źüNew York, NY	eng	(DE-600)2560614-1‚źü(DE-101)1003859003
2576502-4	Katowice‚źüFrankfurt, M.‚źüKatowice	pol	
2578348-8	ŇĀoŐĀdzŐĀ‚źüBonn [u.a.]	ger	(DE-600)1174648-8‚źü(DE-101)017024277‚źü(DE-600)1221798-0‚źü(DE-101)017481430
2583478-2	BucuresŐ¶ti	rum	(DE-600)419327-1‚źü(DE-101)012343811
2585806-3	Moskva‚źüFrankfurt, Main	rus‚źüeng	(DE-600)2567302-6‚źü(DE-101)1005372233
2587552-8	Berlin‚źüBoston‚źüNapoli	ita	(DE-600)778011-4‚źü(DE-101)014264404
2588186-3	Orwigsburg, Pa.	eng	
2588201-6	Philadelphia, Pa.	eng	(DE-600)2513112-6‚źü(DE-101)996531475
2588206-5	New York, NY	eng	
2588213-2	Nouvelle Orleans	fre	
2588216-8	New York, NY	eng	
2588217-X	Orwigsburg, Pa.	eng	
2588221-1	Cincinnati, Ohio	eng	
2588222-3	Cincinnati, Ohio	eng	
2588224-7	New Orleans, La.	eng	
2588719-1	Columbus, Ohio	eng	
2588756-7	Boston, Mass.	eng	(DE-600)92885-9‚źü(DE-101)010642587
2589790-1	Rahway, NJ	eng	
2589793-7	Philadelphia, Pa.	eng	(DE-600)88888-6‚źü(DE-101)010605568
2589805-X	Columbus, Ohio	eng	
2589818-8	Baltimore, MD	eng	
2589898-X	Berlin‚źüNew York, NY	ger‚źüeng	(DE-600)2587400-7‚źü(DE-101)1009291416
2590806-6	New York, NY	eng	
2590843-1	Marietta, Ga.	eng	
2590844-3	Maysville, Ky.	eng	
2590845-5	Cincinnati, Ohio	eng	
2590966-6	New York, NY	eng	
2591419-4	Pittsfield, Mass	eng	
2591420-0	New York, NY	eng	(DE-600)1458096-2‚źü(DE-101)019515286
2591565-4	New York, NY	eng	
2591575-7	Boston, Mass.	eng	
2591584-8	Dedham, Mass.	eng	
2592044-3	Boston, Mass.	eng	
2592166-6	New York, NY	eng	
2592172-1	Essex, Mass.	eng	
2592173-3	Contoocookville, NH	eng	
2592174-5	Boston, Mass.	eng	
2592195-2	Fall River, Mass.	eng	
2592286-5	New York, NY	eng	
2592489-8	Stuttgart	ger	(DE-600)3494-0‚źü(DE-101)010052488
2592838-7	Berlin‚źüNew York, NY	ger	(DE-600)2542594-8‚źü(DE-101)1000591581
2592846-6	Berlin‚źüNew York, NY	eng	(DE-600)2499419-4‚źü(DE-101)994696361
2593375-9	Saint-Cloud	fre	
2593379-6	Saint-Cloud	fre	
2593449-1	London	eng	
2593730-3	Sinsinati, Ohio		(DE-600)2701005-3‚źü(DE-101)1030392218
2598795-1	Berlin	ger	(DE-600)578995-3‚źü(DE-101)013279637
2602416-0	Bucharest‚źüFrankfurt, Main	eng	(DE-600)2641103-9‚źü(DE-101)101782309X
2602419-6	Zagreb‚źüFrankfurt, M.	ger	(DE-600)1215032-0‚źü(DE-101)017415888
2602499-8	Sofija‚źüFrankfurt, Main	bul‚źüeng	(DE-600)1402963-7‚źü(DE-101)018978622‚źü(DE-600)2128941-4‚źü(DE-101)025386565
2602942-X	Warsaw‚źüCluj-Napoca‚źüFrankfurt, M.‚źüWarsaw	eng	
2605470-X	Berlin‚źüNew York, NY	eng	(DE-600)2602726-4‚źü(DE-101)101088154X
2606627-0	PitesŐ¶ti	eng‚źüfre‚źüger‚źüspa	
2606646-4	PitesŐ¶ti	eng‚źüfre‚źürum	
2606661-0	PitesŐ¶ti	eng‚źüfre‚źüger‚źüita‚źürus‚źüpor‚źüspa	
2606724-9	Berlin‚źüNew York, NY	ger‚źüeng	(DE-600)2470979-7‚źü(DE-101)991831632
2609387-X	Zagreb	srp‚źührv	(DE-600)418958-9‚źü(DE-101)01234043X
2609403-4	Kaunas	eng	
2610886-0	Boston, Mass.‚źüBerlin‚źüBern‚źüBerlin‚źüBruxelles‚źüFrankfurt, M.‚źüNew York‚źüOxford‚źüWien	ger‚źüfre	(DE-600)202271-0‚źü(DE-101)011151846
2611741-1	Champaign, Ill.	eng	
2611822-1	New York, NY	eng	(DE-600)424254-3‚źü(DE-101)012383171
2611823-3	Philadelphia, PA	eng	(DE-600)424247-6‚źü(DE-101)012383104
2611880-4	Cincinnati, Ohio	eng	(DE-600)1216258-9‚źü(DE-101)017427746
2611915-8	New York, NY	eng	
2612006-9	London	eng	(DE-600)2781925-5‚źü(DE-101)1055850996
2612020-3	New York, NY	eng	
2612022-7	New York, NY	eng	
2612171-2	Paris	fre	
2612172-4	Paris		
2612173-6	Paris		
2612490-7	New York, NY	eng	
2612603-5	New York, NY	eng	
2612664-3	New York, NY	eng	
2612947-4	London	eng	(DE-600)2518394-1‚źü(DE-101)997273739
2613211-4	Londres		(DE-600)996079-X‚źü(DE-101)015302083
2613214-X	QueŐĀbec City, QueŐĀbec	eng	
2613234-5	Boston, Mass.	eng	
2613271-0	Iowa City, Iowa	eng	
2613274-6	Boston, Mass.	eng	
2613387-8	Cluj-Napoca‚źüFrankfurt, Main	eng	
2613526-7	Katowice	pol	(DE-600)2014399-0‚źü(DE-101)020442793
2613764-1	Sarajevo	srp	(DE-600)40126-2‚źü(DE-101)010354832
2613861-X	Sarajevo‚źüFrankfurt, Main	bos‚źüeng‚źüsrp	
2615437-7	New York, NY	eng	
2615460-2	Fruit Hills, Ohio	eng	
2615668-4	Boston, Mass.	eng	
2615674-X	New York, NY		
2615822-X	Lancaster, Pa.	eng	
2615823-1	Boston, Mass.	eng	
2615962-4	New York, NY	eng	(DE-600)92062-9‚źü(DE-101)01063505X
2615992-2	New York, NY	eng	
2616021-3	New York, NY	eng	
2616023-7	Boston, Mass.	eng	
2616123-0	London	eng	
2616229-5	New York, NY	eng	
2616242-8	Chiswick	eng	
2616306-8	New York, NY	eng	
2616412-7	Wilbraham, Mass.	eng	
2619081-3	BaŐÜlti	eng‚źüger‚źürum	(DE-600)2613504-8‚źü(DE-101)1012646203
2619654-2	KrakoŐĀw‚źüFrankfurt, M.	ger‚źüeng‚źüfre	(DE-600)1385486-0‚źü(DE-101)018808522
2619660-8	KrakoŐĀw‚źüFrankfurt, Main	pol‚źüeng	(DE-600)2423511-8‚źü(DE-101)988453827
2619661-X	KrakoŐĀw‚źüFrankfurt, Main	pol‚źüeng	(DE-600)2393967-9‚źü(DE-101)986199761
2619664-5	Ploiesti‚źüFrankfurt, Main	eng‚źüfre	(DE-600)2621949-9‚źü(DE-101)1014066379
2626316-6	Novi Sad‚źüNovi Sad	eng‚źüger‚źüsrp	
2627489-9	BrasŐ¶ov‚źüFrankfurt, M.	eng	(DE-600)2557658-6‚źü(DE-101)100331547X‚źü(DE-600)2719819-4‚źü(DE-101)1035709457
2627949-6	Berlin‚źüBoston, Mass.‚źüBeijing	eng	(DE-600)2621664-4‚źü(DE-101)1014028655
2628011-5	Berlin [u.a.]	ger	(DE-600)1363933-X‚źü(DE-101)018626319
2628041-3	KrakoŐĀw‚źüFrankfurt, Main	pol	(DE-600)1308969-9‚źü(DE-101)01813100X
2628064-4	Krakow‚źüFrankfurt, Main	eng‚źüpol	
2628571-X	Stuttgart‚źüWeimar‚źüFrankfurt, M.‚źüGoŐąttingen	ger	(DE-600)2216240-9‚źü(DE-101)978009789‚źü(DE-600)120167-0‚źü(DE-101)010674446
2632552-4	BucuresŐ¶ti‚źüFrankfurt, Main	rum	
2632589-5	KrakoŐĀw‚źüFrankfurt, M.	eng	(DE-600)2583356-X‚źü(DE-101)1008609145
2632620-6	KrakoŐĀw‚źüFrankfurt, Main	pol	(DE-600)2482288-7‚źü(DE-101)992922259
2632802-1	New York, NY‚źüFrankfurt, Main	eng	
2632828-8	Paris‚źüIasŐ¶i‚źüBucuresŐ¶ti	eng‚źümul	(DE-600)2394592-8‚źü(DE-101)986245348
2634867-6	RzeszoŐĀw‚źüFrankfurt, M.	pol‚źürus‚źüslo	(DE-600)2087595-2‚źü(DE-101)023848782
2642260-8	Berlin‚źüBerlin‚źüBerlin	ger	(DE-600)2415-6‚źü(DE-101)01003403X
2645776-3	Berlin‚źüNew York, NY	eng‚źüchi	(DE-600)2676964-5‚źü(DE-101)1024987698
2645936-X	Berlin‚źüNew York, NY	eng	(DE-600)2620546-4‚źü(DE-101)1013869346
2645939-5	Berlin‚źüNew York, NY	eng	(DE-600)2681260-5‚źü(DE-101)1025856651
2645972-3	Berlin‚źüNew York, NY	eng	(DE-600)2776393-6‚źü(DE-101)1053013647
2652617-7	Kaunas‚źüFrankfurt, Main	lit	
2652789-3	Warszawa‚źüFrankfurt, Main‚źüWarszawa‚źüWarszawa‚źüWarszawa‚źüWarszawa‚źüWarszawa	pol	(DE-600)209001-6‚źü(DE-101)011208848
2653155-0	Warszawa‚źüFrankfurt, M.	pol	(DE-600)301090-9‚źü(DE-101)011821434
2659110-8	KrakoŐĀw‚źüFrankfurt, Main	eng	(DE-600)2223408-1‚źü(DE-101)978648285
2659134-0	KrakoŐĀw‚źüFrankfurt, Main	pol	(DE-600)2717388-4‚źü(DE-101)1035018659
2659854-1	Wiesbaden‚źüWiesbaden	ger	(DE-600)2655747-2‚źü(DE-101)1020796693
2660332-9	Chennai	eng	(DE-600)2663904-X‚źü(DE-101)1022728369
2663443-0	Blagoevgrad‚źüFrankfurt, Main	bul‚źüeng	(DE-600)2703104-4‚źü(DE-101)1031263500
2663558-6	TorunŐĀ‚źüWarszawa‚źüFrankfurt, Main	eng‚źüpol	
2663751-0	Sarajevo‚źüFrankfurt, Main	bos‚źührv	
2669775-0	New York, NY	eng	(DE-600)2332-2‚źü(DE-101)010032754
2669793-2	New York, NY		
2669801-8	New York, NY		
2669802-X	New York, NY		
2670243-5	Novi Sad	eng‚źüger‚źüsrp‚źüslo	
2670357-9	New York, NY		
2670520-5	Boston, Mass.		
2670563-1	Boston, Mass.		
2670669-6	New York, NY		(DE-600)1358110-7‚źü(DE-101)018569781
2670670-2	Philadelphia, Pa.		
2670671-4	London		(DE-600)982247-1‚źü(DE-101)015214273
2670672-6	Paris France		
2670689-1	Boston, Mass.		(DE-600)756765-0‚źü(DE-101)014106337
2671000-6	New York, NY		
2671041-9	New York, NY		
2671215-5	Philadelphia, Pa.		
2671216-7	Philadelphia, Pa.		(DE-600)1378853-X‚źü(DE-101)018744117
2671217-9	Cleveland, Ohio		
2671218-0	Chicago, Ill.		
2671225-8	New York, NY		
2671226-X	New York, NY		
2671328-7	New York, NY		
2671353-6	New York, NY		
2671406-1	New York, NY		
2671513-2	Cincinnati, Ohio		
2671519-3	Kewanee, Ill.		
2671520-X	Norwich, Conn.		
2671577-6	Philadelphia, Pa.		
2671579-X	Philadelphia, Pa.		
2671583-1	Manchester NH		
2671584-3	Boston, Mass.		
2671585-5	Boston, Mass.		
2671586-7	St. Louis, Mo.		
2671653-7	New York, NY		
2671709-8	Philadelphia, Pa.		
2671947-2	Cambridge, Mass.		
2671949-6	Cambridge, Mass.		
2671977-0	New York, NY		
2672058-9	New York, NY		
2672067-X	Philadelphia, Pa.		
2673231-2	Suceava	rum‚źüfre‚źüeng‚źüger‚źüspa‚źüita	(DE-600)2496031-7‚źü(DE-101)994351089
2673343-2	Warszawa‚źüFrankfurt, Main	pol	(DE-600)2196594-8‚źü(DE-101)975774883
2673831-4	Boston, Mass.		
2674572-0	Posen	eng‚źüger‚źüpol	
2683833-3	TimisŐ¶oara‚źüFrankfurt, M.	eng‚źüfre‚źüger	
2690363-5	BucuresŐ¶ti‚źüFrankfurt, M.	eng	
2690471-8	TimisŐ¶oara‚źüFrankfurt, M.	rum	(DE-600)2157813-8‚źü(DE-101)026350548
2690481-0	ŇĀoŐĀdzŐĀ‚źüFrankfurt, M.	pol	(DE-600)209010-7‚źü(DE-101)011208910
2690528-0	ŇĀoŐĀdzŐĀ‚źüFrankfurt, M.	eng‚źüpol	(DE-600)200607-8‚źü(DE-101)011138718
2691135-8	Berlin [u.a.]	ger	(DE-600)3414-9‚źü(DE-101)010051090
2691526-1	Szczecin‚źüFrankfurt, M.	ger	(DE-600)1070809-1‚źü(DE-101)016019938
2692975-2	TorunŐĀ‚źüFrankfurt, M.	pol	(DE-600)2540481-7‚źü(DE-101)1000340031
2693026-2	Warszawa	pol‚źüger‚źüeng	(DE-600)2437175-0‚źü(DE-101)989557790
2693031-6	Bielsko-BiaŇāa	pol‚źüeng	(DE-600)2580272-0‚źü(DE-101)1008095540
2693343-3	Szczecin	pol	(DE-600)2483885-8‚źü(DE-101)993081185
2693349-4	Zielona GoŐĀra‚źüFrankfurt, M.	pol	
2693354-8	ŇĀoŐĀdzŐĀ‚źüFrankfurt, M.	pol	
2693371-8	Lublin	pol	(DE-600)300982-8‚źü(DE-101)011820438
2693916-2	ŇĀoŐĀdzŐĀ	eng	(DE-600)2032508-3‚źü(DE-101)021071748
2695474-6	Kalisz‚źüFrankfurt, M.	eng	
2695525-8	Frankfurt, M.‚źüBerlin‚źüBerlin‚źüStockholm‚źüAmsterdam	ger	(DE-600)4676-0‚źü(DE-101)010070230
2695934-3	Varsovia	spa	(DE-600)2511941-2‚źü(DE-101)996243038
2696042-4	KrakoŐĀw‚źüKrakoŐĀw	pol	
2697520-8	CzeŐústochowa	pol	
2698244-4	PoznanŐĀ	pol	
2698322-9	Poznan	ger	(DE-600)183929-9‚źü(DE-101)010997474
2698588-3	Olsztyn	pol‚źüeng‚źürus	(DE-600)2084209-0‚źü(DE-101)023706937
2698718-1	Lublin	pol	(DE-600)1074785-0‚źü(DE-101)016058569
2699027-1	PoznanŐĀ	pol	(DE-600)3074764-8‚źü(DE-101)1236218949
2699069-6	PoznanŐĀ‚źüFrankfurt, M.	pol‚źüeng	
2699073-8	CzeŐ®stochowa‚źüCzeŐ®stochowa	pol	
2699247-4	Katowice‚źüKatowice	pol	(DE-600)2034556-2‚źü(DE-101)021188335
2699695-9	Szczecin	pol‚źüeng‚źüger	(DE-600)2626256-3‚źü(DE-101)1014874955
2701186-0	KrakoŐĀw‚źüKrakoŐĀw‚źüWrocŇāaw‚źüKrakoŐĀw‚źüWarszawa	pol‚źüfre	(DE-600)339126-7‚źü(DE-101)011958693
2707800-0	TimisŐ¶oara‚źüFrankfurt, M.	eng‚źüfre‚źüger	
2710258-0	Berlin‚źüBoston, Mass.	eng	(DE-600)2694754-7‚źü(DE-101)1028816715
2711756-X	Hradec KraŐĀloveŐĀ‚źüPraha	cze‚źüeng‚źüger	(DE-600)2628381-5‚źü(DE-101)101524517X
2713264-X	London‚źüLeeds	eng	(DE-600)2703558-X‚źü(DE-101)1031332790
2715323-X	ŇĀodz‚źüFrankfurt, M.	pol	(DE-600)2778433-2‚źü(DE-101)105391881X
2716083-X	Lublin‚źüFrankfurt, M.	eng	
2716286-2	Sarajevo	bos	(DE-600)1454782-X‚źü(DE-101)019482949
2719680-X	Bukarest	eng	(DE-600)2650627-0‚źü(DE-101)1019659300
2722383-8	Berlin	eng	(DE-600)2734386-8‚źü(DE-101)104216973X
2726431-2	Celje‚źüFrankfurt, M.	eng	(DE-600)2759289-3‚źü(DE-101)1047871270
2727230-8	KrakoŐĀw‚źüFrankfurt, M.	eng‚źüpol‚źüger	(DE-600)2673755-3‚źü(DE-101)1024387879
2733102-7	Berlin	eng	(DE-600)2466446-7‚źü(DE-101)99134331X
2734112-4	BucuresŐ¶ti‚źüFrankfurt, M.	rum	
2734358-3	Kaunas‚źüFrankfurt, M.	eng‚źülav	
2734488-5	Paris‚źüTimisŐ¶oara‚źüSibiu‚źüFalconara Marittima	fre	(DE-600)2808749-5‚źü(DE-101)1065927746
2735429-5	Lublin‚źüFrankfurt, M.	pol	(DE-600)221245-6‚źü(DE-101)011305347
2735467-2	Lublin‚źüFrankfurt, M.‚źüWarszawa	pol	(DE-600)1280952-4‚źü(DE-101)017902398
2735540-8	WrocŇāaw‚źüFrankfurt, M.	pol	
2735658-9	Lublin‚źüFrankfurt, M.	pol‚źüeng‚źüspa	
2737508-0	Cluj- Napoca‚źüGalatŐ¶i	eng	
2738799-9	BucuresŐ¶ti‚źüFrankfurt, M.	rum‚źüeng	(DE-600)2448733-8‚źü(DE-101)990259773
2739446-3	IasŐ¶i‚źüIasŐßi	rum‚źüeng‚źüfre	(DE-600)2421701-3‚źü(DE-101)988332469
2740229-0	Konya‚źüFrankfurt, M.	tur‚źüeng‚źürus	
2740273-3	Bucharest‚źüFrankfurt, M.	eng	
2740378-6	Trnava‚źüBratislava	slo‚źücze‚źüeng‚źüpol	(DE-600)2033332-8‚źü(DE-101)021101213
2740562-X	KrakoŐĀw‚źüFrankfurt, M.	pol	(DE-600)978279-5‚źü(DE-101)015181510
2740569-2	[Minneapolis, MN]‚źüBukarest	eng	(DE-600)2515576-3‚źü(DE-101)996850619
2740577-1	Sarajevo‚źüFrankfurt, M.	bos‚źüsrp‚źührv	(DE-600)2146979-9‚źü(DE-101)026026511
2741001-8	Sofia‚źüFrankfurt, M.	ger‚źüeng‚źüfre	(DE-600)1150730-5‚źü(DE-101)016792378
2741980-0	Berlin‚źüBoston, Mass.	eng	(DE-600)2677179-2‚źü(DE-101)102502754X
2742779-1	Berlin‚źüBoston, Mass.	eng	(DE-600)2769415-X‚źü(DE-101)1050875737
2743334-1	Tallinn	eng	(DE-600)2968339-7‚źü(DE-101)1182562116
2743436-9	Berlin‚źüŇĀoŐĀdzŐĀ	eng	(DE-600)2185973-5‚źü(DE-101)027394263
2743734-6	Lublin‚źüFrankfurt, M.	pol‚źüeng	
2745971-8	BiaŇāystok‚źüFrankfurt, M.	pol	(DE-600)2325899-8‚źü(DE-101)984506411
2747052-0	Berlin	eng	(DE-600)2745374-1‚źü(DE-101)1045116300
2747488-4	BucuresŐ¶ti	eng‚źüara	(DE-600)350046-9‚źü(DE-101)012042226
2748960-7	University Park, Pa.‚źüSt. Louis, Mo.‚źüNew York, NY	eng	(DE-600)2008906-5‚źü(DE-101)020243294‚źü(DE-600)219133-7‚źü(DE-101)011290536
2750572-8	PoznanŐĀ	pol	(DE-600)2295-0‚źü(DE-101)010032150
2750874-2	New York, NY‚źüFrankfurt, Main	eng	
2753614-2	UŐĀjvideŐĀk	hun	(DE-600)1047465-1‚źü(DE-101)015794032
2753646-4	UŐĀjvideŐĀk	srp‚źühun	(DE-600)1361623-7‚źü(DE-101)018603866
2753651-8	Berlin [u.a.]	ger‚źüeng	(DE-600)2408556-X‚źü(DE-101)987438425
2754712-7	PoznanŐĀ	ger‚źüeng‚źüswe	(DE-600)1222824-2‚źü(DE-101)017491444
2755049-7	Bradford	eng	(DE-600)2755764-9‚źü(DE-101)1047172216
2756094-6	Zagreb	ger‚źüeng	(DE-600)2019966-1‚źü(DE-101)020642008
2758282-6	PoznanŐĀ	pol	(DE-600)2125730-9‚źü(DE-101)025278835
2759662-X	Warszawa‚źüWarszawa‚źüWarszawa‚źüWarszawa‚źüWarszawa	pol	(DE-600)282367-6‚źü(DE-101)011757612
2760725-2	PoznanŐĀ	pol	
2761775-0	Szczecin‚źüFrankfurt, M.	pol‚źüeng‚źüfre	(DE-600)2217572-6‚źü(DE-101)978137299
2761873-0	KrakoŐĀw‚źüCracoviae	eng‚źüpol	(DE-600)301595-6‚źü(DE-101)011825979
2762439-0	KrakoŐĀw	pol	(DE-600)2605575-2‚źü(DE-101)1011231336
2762756-1	Warszawa	pol‚źüeng‚źüfre‚źüger	(DE-600)205599-5‚źü(DE-101)011180773
2763943-5	Warszawa‚źüFrankfurt, M.	pol‚źüeng	
2764776-6	Berlin‚źüBoston, Mass.	eng	(DE-600)2764551-4‚źü(DE-101)1049480198
2764798-5	Berlin	eng	(DE-600)2668986-8‚źü(DE-101)1023749564
2764810-2	Berlin	ger	(DE-600)7373-8‚źü(DE-101)010098674
2765773-5	Berlin	ger	(DE-600)2733477-6‚źü(DE-101)104183621X
2767010-7	Prague‚źüFrankfurt, M.	lat	(DE-600)210434-9‚źü(DE-101)011220244
2768270-5	Sofija	bul	(DE-600)801049-3‚źü(DE-101)01444254X
2769844-0	Wiesbaden	ger	(DE-600)307804-8‚źü(DE-101)011879106
2771142-0	Bratislava	slo‚źücze‚źüeng	(DE-600)2242839-2‚źü(DE-101)980494869
2774757-8	Sofija‚źüFrankfurt, M.	bul	(DE-600)2673190-3‚źü(DE-101)1024273938
2777733-9	KolozsvaŐĀr‚źüFrankfurt, M.	hun	(DE-600)2779579-2‚źü(DE-101)1054324352
2777988-9	Berlin‚źüBoston, Mass.	eng	(DE-600)2815788-6‚źü(DE-101)1068790202
2785954-X	Mostar	hrv	
2786136-3	KrakoŐĀw‚źüFrankfurt, M.	eng‚źüpol	
2796874-1	Bingley	eng	(DE-600)1087102-0‚źü(DE-101)016177991
2797677-4	ŇĀoŐĀdzŐĀ	pol	(DE-600)1051463-6‚źü(DE-101)01583302X
2798614-7	Berlin‚źüNew York, NY	eng	
2802800-4	Berlin	eng	(DE-600)2848696-1‚źü(DE-101)1085676293
2804119-7	GdanŐĀsk‚źüFrankfurt, M.‚źüGdanŐĀsk	pol	
2805934-7	Oxford	eng	(DE-600)2818333-2‚źü(DE-101)1069688681
2807893-7	St. Petersburg	eng‚źürus‚źüfre‚źüger	(DE-600)2978847-X‚źü(DE-101)1190924269
2807914-0	KrakoŐĀw‚źüFrankfurt, M.	ger	(DE-600)2836143-X‚źü(DE-101)1077068743
2808005-1	IasŐ¶i	eng‚źürum	
2809259-4	GoŐąttingen‚źüBerlin‚źüMuŐąnchen‚źüBoston, Mass.	ger	(DE-600)2637-2‚źü(DE-101)010037799
2811170-9	Berlin	eng	(DE-600)2857917-3‚źü(DE-101)1102937533
2811176-X	Berlin	eng	(DE-600)2776991-4‚źü(DE-101)1053354649
2816643-7	Sarajevo‚źüFrankfurt, M.	srp‚źübos	(DE-600)717450-0‚źü(DE-101)013877348
2821247-2	KocŐĆani	eng	
2821670-2	Leiden‚źüMuŐąnchen‚źüAmsterdam	ger	(DE-600)123553-9‚źü(DE-101)010694218‚źü(DE-600)2075201-5‚źü(DE-101)023349204
2822889-3	Poznan	pol‚źüeng‚źüger‚źüita	
2831851-1	Szczecin‚źüFrankfurt, M.	pol	(DE-600)3172730-X‚źü(DE-101)1310682372
2837323-6	Katowice‚źüFrankfurt, M.	pol	(DE-600)2771274-6‚źü(DE-101)1051347378
2837335-2	Warszawa‚źüWarszawa‚źüFrankfurt, M.	pol‚źüeng	(DE-600)1344168-1‚źü(DE-101)018461050
2841370-2	BucuresŐßti	rum	
2841470-6	Katowice	pol	(DE-600)2921384-8‚źü(DE-101)1153434415
2841628-4	Katowice‚źü[Erscheinungsort nicht ermittelbar]‚źüKatowice	pol	(DE-600)3135774-X‚źü(DE-101)1268451444
2842024-X	Berlin‚źüOak Brook, Illinois	ger‚źüeng‚źüfre	(DE-600)622911-6‚źü(DE-101)013607405
2844426-7	Suceava	eng‚źüger‚źüfre	(DE-600)2844045-6‚źü(DE-101)1081162023
2845993-3	Warszawa	eng‚źüpol	
2846358-4	Praha	cze‚źüeng‚źüslo	(DE-600)2597046-X‚źü(DE-101)1010314661
2847776-5	Hamburg‚źüBonn	ger	(DE-600)210890-2‚źü(DE-101)011223723
2851867-6	Berlin [u.a.]	ger	(DE-600)217995-7‚źü(DE-101)011281847
2859271-2	Berlin [u.a.]	ger‚źüeng	(DE-600)1160713-0‚źü(DE-101)016889037
2859735-7	Sofija	bul	(DE-600)1173669-0‚źü(DE-101)017014700
2859794-1	Katowice	eng	
2859833-7	Vilniaus Universiteto Leidykla	lit	
2860499-4	Berlin	ger	(DE-600)217996-9‚źü(DE-101)011281855
2861729-0	Osijek	hrv	
2862498-1	Bingley, United Kingdom	eng	(DE-600)2850492-6‚źü(DE-101)1093582413
2862559-6	Bingley	eng	
2862584-5	Petrozavodsk	rus	(DE-600)2267880-3‚źü(DE-101)982902344
2863674-0	Lublin	eng‚źüpol	
2863682-X	KrakoŐĀw	pol	
2866841-8	Sofia	bul‚źüeng‚źüfre	
2870662-6	Lublin	eng	
2870676-6	Opole	pol	
2870700-X	NiluŐąfer, Bursa	eng	
2871064-2	Warszawa	pol‚źüeng	(DE-600)950932-X‚źü(DE-101)015085988
2871070-8	BiaŇāystok	pol	
2873483-X	Tuzla	bos	
2873516-X	Tuzla‚źüTuzla	bos	
2876701-9	CŐĆernivci‚źüL Ļviv‚źüCŐĆernivci	ukr	(DE-600)2019794-9‚źü(DE-101)020636563
2877289-1	Riga	lav‚źüest‚źüeng	(DE-600)2883950-X‚źü(DE-101)1125390808
2879303-1	Berlin	ger‚źüeng	(DE-600)2872295-4‚źü(DE-101)1117039994
2885316-7	Bingley	eng	(DE-600)2900759-8‚źü(DE-101)113727168X
2887712-3	Berlin‚źüBoston	eng	(DE-600)1340081-2‚źü(DE-101)018421547
2888165-5	Bingley	eng	
2890450-3	Budapest	eng	(DE-600)2894526-8‚źü(DE-101)1132203090
2898386-5	Praha	fre‚źüeng	(DE-600)2606839-4‚źü(DE-101)1011437074
2898428-6	IasŐ¶i	rum‚źüeng‚źüger‚źüfre	(DE-600)2588215-6‚źü(DE-101)1009426346
2898442-0	BucuresŐ¶ti	eng‚źüfre‚źüger‚źürum‚źüspa	
2898610-6	Tuzla	bos	
2898622-2	Tallinn	eng‚źüest‚źüfin	
2898652-0	BacaŐÜu	eng‚źüfre‚źürum	
2898749-4	BucuresŐ¶ti	eng	(DE-600)304599-7‚źü(DE-101)011851880
2898761-5	Szczecin	eng‚źüpol	
2898800-0	Lublin	pol‚źüita	(DE-600)1040732-7‚źü(DE-101)015728625
2898856-5	Konin	eng‚źüger‚źüpol	
2899269-6	GdanŐĀsk	pol	(DE-600)2695326-2‚źü(DE-101)1028948719
2899440-1	CzeŐ®stochowa	ger‚źüpol‚źüeng	
2900917-0	Brockport, New York	eng	
2902991-0	Opole	eng‚źüpol	
2903658-6	BaŐÜltŐ¶i	rum‚źürom	(DE-600)2400473-X‚źü(DE-101)986760331
2903688-4	LefkosŐßa‚źüAnkara	tur‚źüeng	(DE-600)1459732-9‚źü(DE-101)01953132X
2903931-9	Cluj-Napoca	eng‚źüfre‚źüger‚źühun‚źüspa	(DE-600)2581229-4‚źü(DE-101)1008229857
2903950-2	Vilnius	eng‚źülit	
2903973-3	Vilnius	eng‚źüfre‚źüger‚źülit	
2904243-4	Sibiu	rum	(DE-600)3198520-8‚źü(DE-101)1344531717
2904254-9	NiksŐĆicŐĀ	eng‚źüsrp	
2904271-9	Beograd	bos‚źüeng‚źüsrp	
2904466-2	Vilnius	lit‚źümul	(DE-600)2784826-7‚źü(DE-101)1058188585
2904627-0	NiksŐĆicŐĀ	srp	(DE-600)1384597-4‚źü(DE-101)018799973
2904645-2	Beograd	srp	(DE-600)412110-7‚źü(DE-101)012277118
2905747-4	Novi Sad	srp	(DE-600)2405338-7‚źü(DE-101)987194283
2906273-1	Sofija	bul‚źüeng	
2906276-7	Sofija	bul	(DE-600)949900-3‚źü(DE-101)015080668
2909110-X	Petrozavodsk	rus	
2909492-6	GorzoŐĀw Wielkopolski	pol	
2909662-5	Warszawa‚źüWrocŇāaw‚źüWarszawa‚źüKrakow	pol‚źüeng	(DE-600)339134-6‚źü(DE-101)011958766
2910441-5	Vilnius	lit	
2911422-6	Beltsville	eng	
2911452-4	Katowice	pol‚źüger	(DE-600)2925865-0‚źü(DE-101)1155622901
2912147-4	Oradea	eng‚źüfre‚źüger	
2912166-8	Siemianowice SŐĀlaŐ®skie‚źüSiemianowice SŐĀlaŐ®skie	eng‚źüfre‚źüpol	
2912176-0	Burdur	eng‚źütur	
2912360-4	BucuresŐ¶ti	eng‚źürum	
2912498-0	Sarajevo	bos‚źüeng	
2912840-7	Veliko TaŐÜrnovo	bul‚źüeng‚źüger‚źürus‚źüukr	
2912862-6	Veliko TaŐÜrnovo	bul	(DE-600)1195075-4‚źü(DE-101)017222257
2914408-5	Warsaw‚źüPoznanŐĀ‚źüWarsaw, Poland	eng	
2915674-9	Cluj-Napoca	eng	
2915825-4	UŐĀjvideŐĀk‚źüUŐĀjvideŐĀk	hun	
2915882-5	Praha	cze‚źüger	(DE-600)128586-5‚źü(DE-101)010731938
2915923-4	KyiÕŹŐąv	ukr‚źürus	
2916180-0	Manderscheid‚źüTrier, Germany	eng‚źüfre‚źüger	
2916678-0	Frankfurt, M.	ger	(DE-600)206958-1‚źü(DE-101)011191783
2917605-0	Frankfurt, M.	ger	(DE-600)206959-3‚źü(DE-101)011191791
2919276-6	Berlin	eng	(DE-600)2938965-3‚źü(DE-101)1164402536
2922982-0	IasŐßi, Romania	rum‚źüeng	
2926502-2	Galati	eng‚źüfre‚źüger‚źürum	(DE-600)2613206-0‚źü(DE-101)1012606627
2926715-8	PoznanŐĀ	eng	(DE-600)2790109-9‚źü(DE-101)1059519607
2926736-5	PoznaŐĀn‚źüWarszawa‚źüKrakoŐĀw‚źüLwoŐĀw‚źüPoznanŐĀ‚źüWilno	pol‚źüeng‚źüfre	(DE-600)431921-7‚źü(DE-101)012451401
2927590-8	Lublin	pol	
2929081-8	PoznanŐĀ	pol	(DE-600)1452201-9‚źü(DE-101)019457715
2929765-5	Bingley	eng	
2931578-5	Kyiv‚źüPoltava	eng‚źürus‚źüukr	
2931583-9	Praha	cze	(DE-600)1223853-3‚źü(DE-101)017501474
2931590-6	Pezinok	cze‚źüeng‚źüslo	(DE-600)2964389-2‚źü(DE-101)1179259696
2934035-4	ŇĀoŐĀdzŐĀ	pol	
2934046-9	IasŐ¶i	eng	
2934234-X	Ankara	eng‚źütur	
2934291-0	Zenica	bos‚źührv‚źüeng‚źütur	
2934298-3	Beograd	srp‚źübos‚źührv‚źüeng	(DE-600)280360-4‚źü(DE-101)011742151
2935212-5	Bingley	eng	(DE-600)2942687-X‚źü(DE-101)1167188012
2937574-5	Bingley	eng	
2942339-9	Vilnius	lit	(DE-600)2680171-1‚źü(DE-101)1025615638
2949019-4	BucuresŐ¶ti	fre‚źüeng‚źüger‚źüita‚źüspa‚źürum	
2952487-8	PresŐĆov	slo‚źüeng‚źürus	
2963539-1	Budapest	eng	
2967067-6	WrocŇāaw‚źüDresden	ger‚źüpol	(DE-600)2423739-5‚źü(DE-101)98847316X
2981469-8	BucuresŐ¶ti	eng‚źürum	
2982106-X	KrakoŐĀw	pol	
2982375-4	Olsztyn	eng‚źürus‚źücze‚źüpol‚źüger	(DE-600)3190788-X‚źü(DE-101)1334627258
2984948-2	Trnava	eng	
2985213-4	London	eng	
2985557-3	Cluj-Napoca	rum‚źüeng	
2985560-3	KrakoŐĀw	pol‚źüukr‚źürus	(DE-600)2774183-7‚źü(DE-101)1052121934
2985755-7	TorunŐĀ	pol‚źüeng‚źüger	(DE-600)2056886-1‚źü(DE-101)022566058
2986713-7	Praha	eng	(DE-600)1087845-2‚źü(DE-101)016185080
2987304-6	PrishtineÕŹŐą	alb	(DE-600)1002077-9‚źü(DE-101)015355314
2999657-0	Sarajevo	bos‚źüeng	(DE-600)717475-5‚źü(DE-101)013877496
3001980-1	BihacŐĀ	bos	
3002344-0	Plovdiv	bul	
3003616-1	Bucharest‚źüBucuresŐ¶ti‚źüBucuresŐ¶ti‚źüCluj-Napoca	rum‚źüeng‚źüfre	(DE-600)2743167-8‚źü(DE-101)1044388242
3005283-X	Iasi, Romania	eng	
3008068-X	Charkiv	ukr	
3010137-2	Brno	eng	
3010739-8	Mostar	bos‚źührv‚źüsrp	
3011062-2	ŇĀoŐĀdzŐĀ	pol‚źüger	(DE-600)1448739-1‚źü(DE-101)019423993
3018201-3	New York	eng	
3018770-9	PresŐĆov	eng‚źüslo‚źücze	
3022645-4	Sofia	eng	
3022676-4	Bydgoszcz	eng‚źüpol‚źürus	
3024252-6	IasŐ¶i	eng‚źüfre‚źümul	
3027887-9	Kronstadt	ger	(DE-600)2615380-4‚źü(DE-101)1013073282
3027917-3	Skopje	eng‚źümac	
3030977-3	GdanŐĀsk	pol‚źüeng‚źünor	(DE-600)2250706-1‚źü(DE-101)981210163
3032868-8	Warsaw	eng	(DE-600)3207894-8‚źü(DE-101)1356843921
3035546-1	Bucharest	eng	
3036098-5	PrishtineÕŹŐą	alb‚źüeng	(DE-600)2125817-X‚źü(DE-101)025280783
3042933-X	Sofia	eng	
3044759-8	Warszaw‚źüWarszawa	pol‚źüeng	(DE-600)2423513-1‚źü(DE-101)988453975
3045103-6	[Beograd]	srp	(DE-600)271410-3‚źü(DE-101)011689285
3045522-4	Beograd	srp	(DE-600)602558-4‚źü(DE-101)013463144
3047678-1	PoznaŐĀn	pol	
3049417-5	Sofija	bul‚źüeng‚źüfre	
3049439-4	Warszawa	eng‚źüpol	
3049548-9	TiraneÕŹŐą‚źüPrishtineÕŹŐą	alb‚źüeng	(DE-600)3124076-8‚źü(DE-101)1262103894
3052778-8	KrakoŐĀw	pol	
3056089-5	WrocŇāaw‚źüWrocŇāaw	pol‚źüeng‚źüger‚źüdut	(DE-600)2736587-6‚źü(DE-101)1042736359
3056568-6	Katowice	pol‚źüeng‚źürus	
3056793-2	Katowice	pol‚źüeng	
3057682-9	Wroclaw‚źüDresden	ger‚źümul	
3059682-8	Chichester	eng	
3062610-9	Sarajevo	bos‚źüeng	
3063980-3	Warszawa	pol‚źüeng	(DE-600)1233748-1‚źü(DE-101)017595533
3064588-8	Cluj-Napoca	eng‚źürum	
3066285-0	Budapest	eng	
3069294-5	KrakoŐĀw	eng‚źüpol	
3070889-8	Budapest	hun	(DE-600)756579-3‚źü(DE-101)014104709
3073347-9	Warszawa‚źüWarszawa	pol	(DE-600)40726-4‚źü(DE-101)010360018
3078325-2	London	eng	
3079126-1	Famagusta	eng	
3079159-5	TaŐārgu-MuresŐ¶	rum	
3079191-1	WrocŇāaw‚źüKrakoŐĀw‚źüWrocŇāaw	pol‚źüeng	
3091271-4	KrakoŐĀw	pol	(DE-600)2544566-2‚źü(DE-101)1000877639
3091500-4	KrakoŐĀw	pol	(DE-600)2538578-1‚źü(DE-101)1000152332
3097894-4	Warszawa	pol‚źüeng	(DE-600)300623-2‚źü(DE-101)011817321
3097956-0	TaŐārgu MuresŐ¶	rum‚źüeng‚źüfre	
3102899-8	Timisoara	eng	
3102990-5	Daugavpils‚źüDaugavpils	eng‚źürus‚źülav	
3116017-7	Craiova	eng‚źüfre‚źürum	(DE-600)2427474-4‚źü(DE-101)988806886
3116231-9	TimisŐ¶oara	rum	
3116308-7	Sofija‚źüVeliko TaŐÜrnovo	bul	(DE-600)2894160-3‚źü(DE-101)1131884922
3122400-3	RiŐĄga	eng‚źülav	(DE-600)2038543-2‚źü(DE-101)02137807X
3124448-8	Praha	eng	
3124468-3	ŇĀoŐĀdz	pol‚źümul	
3138239-3	IasŐ¶i	rum‚źüeng	
3139243-X	BucuresŐ¶ti	rum‚źüeng	
3144100-2	Dresden‚źüWrocŇāaw	ger‚źüeng	(DE-600)2755510-0‚źü(DE-101)1047133199
3144121-X	GdanŐĀsk	pol	
3144306-0	Opole	fre	
3144312-6	[Erscheinungsort nicht ermittelbar]	eng	
3154299-2	[Dordrecht]	eng	
3159372-0	Sofija	bul‚źüger‚źüeng	
3159702-6	Sofija	bul	
3160473-0	Pale	srp‚źüeng‚źübos	
3164812-5	WrocŇāaw	pol	(DE-600)209005-3‚źü(DE-101)011208872
3165716-3	WrocŇāaw	ger	(DE-600)216754-2‚źü(DE-101)011271949
3165822-2	KrakoŐĀw	pol	(DE-600)2045947-6‚źü(DE-101)021760985
3166665-6	WrocŇāaw	pol‚źüdut‚źüeng	(DE-600)349356-8‚źü(DE-101)012036714
3167314-4	Tetova	mac	(DE-600)3092338-4‚źü(DE-101)124069556X
3167408-2	Tetova	mac	(DE-600)3167407-0‚źü(DE-101)1302602063
3171875-9	Warszawa	pol‚źüeng	
3175422-3	BucuresŐ¶ti‚źüCraiova	rum‚źüeng‚źüfre	(DE-600)2626360-9‚źü(DE-101)1014892104
3175608-6	Sofija	bul	(DE-600)2460850-6‚źü(DE-101)99098219X
3178695-9	Beograd	srp	
3178927-4	KoŐĀrnik‚źüKoŐĀrnik‚źüKoŐĀrnik‚źüKoŐĀrnik‚źüPoznanŐĀ‚źüWrocŇāaw [u.a.]	pol	(DE-600)402293-2‚źü(DE-101)012188425
3182827-9	WrocŇāaw	pol‚źümul	(DE-600)187259-X‚źü(DE-101)011026782
3187195-1	Belgrade	eng	
3187201-3	BucuresŐ¶ti	rum‚źüeng	
3187206-2	Beograd	srp‚źüeng	(DE-600)770228-0‚źü(DE-101)014215535
3188557-3	Berlin	ger‚źüeng	(DE-600)3188575-5‚źü(DE-101)1331498236
3191156-0	ŇĀoŐĀdz	eng‚źüger	(DE-600)3005837-5‚źü(DE-101)1203103387
3191591-7	BucuresŐ¶ti	rum	
3194060-2	Bucharest	eng‚źüfre	
3195283-5	PoznanŐĀ	pol‚źüeng	
3199252-3	SŐĆtip	mul	
3200095-9	GalatŐ¶i	rum‚źüeng	
3202317-0	BucuresŐ¶ti	ger	
3202332-7	ŇĀodz	pol‚źüeng	
3205950-4	WrocŇāaw‚źüWrocŇāaw	pol	(DE-600)205601-X‚źü(DE-101)01118079X
3206167-5	WrocŇāaw‚źüWrocŇāaw	fre	(DE-600)205614-8‚źü(DE-101)011180870
3207353-7	Beograd	srp	
3207864-X	Wiesbaden‚źüStuttgart‚źüWiesbaden	ger	(DE-600)200721-6‚źü(DE-101)011139501
3208431-6	Sarajevo	eng	
3209137-0	Plovdiv	bul‚źüeng	
3212544-6	Oradea	hun‚źüeng	
3213461-7	Gori	geo‚źürus‚źüeng	
3214142-7	Budapest	hun	
